Author,WordsByAuthor
Stephanie Peters,"[[""ATTEMPT"",""FIX"",""TEST"",""AFTER"",""CHANGING"",""HTML\nADD"",""STYLES"",""STYLES.FTL\n""]]"
DukeCon Jenkins,"[[""ENABLE"",""ERROR"",""LOGGING"",""XVFB"",""RUN\n""]]"
Alexander Schwartz,"[[""UPDATE"",""FIREFOX"",""DRIVER"",""2.53.1"",""CLEAN"",""PHANTOMJS"",""SELENIUM"",""TESTS"",""CLOSES"",""42\nAVOID"",""MISLEADING"",""WARNING"",""MESSAGES"",""WHEN"",""STARTING"",""FIREFOX\nMERGE"",""SELENIUM"",""TESTS"",""FAIL"",""WITH"",""NEW"",""FIREFOX"",""DEVELOP\nADDING"",""HYSTRIX"",""AS"",""CIRCUIT"",""BREAKER"",""WHEN"",""CALLING"",""DOAG"",""STORING"",""LATEST"",""SUCCESSFUL"",""RESPONSE"",""DISK"",""CLEANUP"",""TALKOLD.\nAVOID"",""NO"",""STORE"",""MAKE"",""CACHE"",""MANIFEST"",""WORK"",""FIREFOX"",""AGAIN\nADDED"",""HEALTH"",""CHECK"",""SPRING"",""BOOT"",""STYLE\nADDING"",""MAVEN"",""WRAPPER"",""MAKE"",""ENABLE"",""BUILD"",""DUKECON"",""INFRA\nPROOF"",""CONCEPT"",""GUI"",""TESTING"",""JGIVEN"",""ARQUILLIAN\nCACHE"",""MAVEN"",""DIRECTORY"",""SPEED"",""UP"",""BUILD\nMERGE"",""FIX"",""GUITEST"",""COOKIEPOPUP"",""DEVELOP\nNOW"",""WORKSHOP"",""DAY"",""PRESENT\nFIXING"",""SHEBANG"",""LINE\nSAVE"",""CREATION"",""IDS"",""LANGUAGE"",""NAME"",""/"",""37\nSAVE"",""CREATION"",""IDS"",""LANGUAGE"",""NAME"",""/"",""37\nUSE"",""JAVA"",""VERSION"",""PROVIDED"",""BY"",""JAVA"",""HOME\n"",""CHERRY"",""PICKED"",""COMMIT"",""1615B16"",""\nMAKE"",""SELENIUM"",""TESTS"",""ROBUST\nMERGE"",""REMOTE"",""TRACKING"",""UPSTREAM/DEVELOP"",""DEVELOP\nUSE"",""JAVA"",""VERSION"",""PROVIDED"",""BY"",""JAVA"",""HOME\n"",""CHERRY"",""PICKED"",""COMMIT"",""1615B16"",""\nNOW"",""WORKSHOP"",""DAY"",""PRESENT\nFIXING"",""SHEBANG"",""LINE\nREMOVE"",""SURPLUS"",""CONTENT"",""PROPERTY"",""FILE\nMAKING"",""PORT"",""8080"",""DEFAULT"",""OTHERWISE"",""REPLACEMENT"",""PROPERTIES"",""WILL"",""NOT"",""WORK"",""\nMERGE"",""FIX"",""GUITEST"",""COOKIEPOPUP"",""RELEASE/1.1\nCLICK"",""COOKIE"",""DISCLAIMER"",""START"",""PAGE\nINCREASE"",""TIMEOUTS"",""BOTH"",""LOADING"",""GUI"",""TESTING\nUSING"",""XVFB"",""WRAPPER"",""HEADLESS"",""TESTING\nMERGE"",""COMMIT"",""8C34C90A52FAACE5042DAE835142D281D4CACF07"",""DEVELOP\nUPDATED"",""KEYCLOAK"",""VERSION"",""MATCHING"",""SERVER\nMOVE"",""TESTING"",""FIREFOX"",""ADDING"",""FIRST"",""KEYCLOAK"",""TEST\nMERGE"",""FIX"",""GUI"",""TALKCELL"",""DEVELOP\nFIXED"",""FAILING"",""TEST"",""AFTER"",""UI"",""ELEMENT"",""HAD"",""BEEN"",""RENAMED\nFIXING"",""HTML"",""CHANGE"",""PAGE"",""PAGE"",""MODEL\nSHOW"",""ALL"",""ENVIRONMENT"",""VARIABLES\nMAKE"",""FIREFOX"",""GUI"",""TESTING"",""DEFAULT\nMERGE"",""REMOTE"",""TRACKING"",""UPSTREAM/DEVELOP"",""DEVELOP\nALLOW"",""ADMINS"",""REFRESH"",""CACHE"",""BY"",""USING"",""SPECIAL"",""SECURED"",""URL"",""8\nDON"",""T"",""PRINT"",""ID"",""MAYBE"",""THIS"",""LEFTOVER"",""DEBUGGING"",""SESSION"",""\nSPRING"",""NOW"",""RESPECTS"",""FORWARDED"",""*"",""HEADERS"",""8\nFORCE"",""LATEST"",""DEPENDENCIES"",""TRAVIS"",""OTHERWISE"",""HTML5"",""CLIENT"",""WILL"",""ONLY"",""BE"",""DOWNLOADED"",""ONCE"",""DAY"",""\nMAKE"",""SUBPATHS"",""LIKE"",""CONFERENCES/499959/SLICEDEVENTS"",""WORK"",""AGAIN"",""8\n""]]"
annam002,"[[""MAKE"",""METASERVICE"",""WORK"",""OTHER"",""CONFERENCES"",""AS"",""WELL\nMERGE"",""DEVELOP"",""FEATURE/MODULARIZE\nCREATE"",""INTERFACE"",""PROVIDING"",""CONFERENCE"",""DATA\n""]]"
Dirk Mahler,"[[""UPGRADED"",""JQA"",""GIT"",""PLUGIN"",""1.2.0\nMIGRATED"",""JQA"",""1.3.0\nADDED"",""JQA"",""GIT"",""PLUGIN\nMERGE"",""REMOTE"",""TRACKING"",""UPSTREAM/DEVELOP"",""DEVELOP\n\n"",""CONFLICTS:\n"",""\tPOM.XML\n"",""ADDED"",""JQA"",""GRAPHML"",""REPORT"",""CONFIG"",""POM.XML\n"",""ADDED"",""BASIC"",""JQA"",""RULES"",""VISUALIZING"",""SPRING"",""COMPONENTS"",""DEPENDENCIES\n""]]"
"Aschemann, Gerd","[[""READ"",""LOCAL"",""RAW"",""JSON"",""FILE"",""BY"",""DEFAULT\n""]]"
Christofer Dutz,"[[""ADDED"",""CONFIG"",""NEEDED"",""EMBED"",""FLEX"",""CLIENT"",""WAR"",""COMMENTED"",""\nMERGE"",""REMOTE"",""TRACKING"",""ORIGIN/MASTER"",""\n"",""REFACTORED"",""PUT"",""DELETE"",""METHOD"",""ADDING"",""REMOVING"",""SINGLE"",""PREFERENCES\n"",""EXTENDED"",""PREFERENCES"",""SERVICE"",""BY"",""METHODS"",""ADD"",""DELETE"",""ELEMENTS.\n"",""11"",""PROVIDE"",""SECURE"",""PING"",""URL"",""REST"",""SERVICE"",""THAT"",""CAN"",""BE"",""USED"",""FORCE"",""LOGIN\n\n"",""ADDED"",""SECOND"",""PING"",""SERVICE"",""THAT"",""SHOULD"",""BE"",""CONFIGURED"",""ONLY"",""ALLOW"",""AUTHENTICATED"",""ACCESS"",""BY"",""KEYCLOAK.\nMERGE"",""REMOTE"",""TRACKING"",""ORIGIN/DEVELOP"",""DEVELOP\n\n"",""CONFLICTS:\n"",""\tIMPL/SRC/MAIN/JAVA/ORG/DUKECON/SERVER/SERVICE/ABSTRACTPREFERENCESSERVICE.GROOVY\n"",""REFACTORED"",""MODEL"",""AGAIN"",""...\n"",""SWITCHED"",""TRACE"",""LOGGING"",""FLEX"",""LOGGING"",""FRAMEWORK.\nFIXED"",""DOC"",""GENERATION.\n"",""SWAGGER"",""GENERATES"",""CODE"",""BASED"",""COMPILED"",""CLASSES"",""THEREFORE"",""NEED"",""EXECUTE"",""AFTER"",""COMPILE.\n"",""REMOVED"",""BI"",""DIRECTIONAL"",""PROPERTIES\n"",""MOVED"",""METADATA"",""PROPERTIES"",""BACK"",""CONFERENCE\n"",""FINE"",""TUNED"",""MODEL"",""CLASSES\n"",""FINE"",""TUNED"",""SERIALIZATION"",""SERIALIZE"",""JAVA"",""LOCALDATETIME"",""OBJECTS"",""AS"",""ACTIONSCRIPT"",""DATE"",""OBJECTS\n"",""GET"",""UNIT"",""TESTS"",""WORKING"",""BLYZEDS\n"",""REMOVED"",""PRIVATEOWNED"",""ATTRIBUTE\n"",""COMMENTED"",""COMMENTED"",""METHODS\n"",""ADDED"",""LITTLE"",""INLINE"",""DOCUMENTATION\n"",""ADDED"",""FIRST"",""VERSION"",""RESOURCESERVICE"",""WHICH"",""WILL"",""RETURN"",""IMAGE"",""RESOURCES"",""NEEDED"",""BY"",""FLEX"",""CLIENT.\n"",""CHANGED"",""BUILD"",""CONFIG"",""USE"",""WAR"",""OVERLAYS"",""INSTEAD"",""DEPENDENCY"",""PLUGIN"",""EMBEDDING"",""HTML"",""CLIENT\n"",""ADDED"",""FAILSAFE"",""CONFIGRUATION"",""RUN"",""INTEGRATION"",""TEST"",""PHASE"",""MOVED"",""GUI"",""TESTS"",""BEING"",""INTEGRATION"",""TESTS"",""BY"",""RENAMING"",""THEM"",""XYZTEST"",""XYZIT\n"",""MAJOR"",""REFACTORING\nADDED"",""CONFERENCE"",""PROPERTIES"",""ALMOST"",""ALL"",""MODEL"",""TYPES"",""FULL"",""MODEL"",""BOTH"",""RELATIONAL"",""DIRECTIONS\nUPDATED"",""MODEL"",""CORRECTLY"",""LINK"",""REDUNDANT"",""INSTANCES\n"",""UPDATED"",""LANGUAGE"",""CONTAIN"",""WHAT"",""WAS"",""ID"",""PREVIOUSLY"",""NEW"",""FIELD"",""CODE"",""USE"",""NUMERIC"",""ID"",""NOW"",""ON.\n"",""UPDATED"",""RESOURCESERVICE"",""STRUCTURE"",""IMAGE"",""RESOURCES"",""DIFFERENTLY"",""SO"",""S"",""POSSIBLE"",""USE"",""DIFFERENT"",""IMAGES"",""EACH"",""CONFERENCE.\n"",""COMMENTED"",""VERSIONEYE"",""PLUGIN"",""DEFINITION\n"",""REMOVED"",""DUPLICATE"",""OVERLAY\n"",""DEACTIVATED"",""VERSIONEYE"",""MAVEN"",""PLUGIN"",""NOW"",""AS"",""SEEM"",""BE"",""ISSUES"",""PLUGIN\n"",""IMPLEMENTED"",""FLEX"",""RESOURCESERVICE"",""THAT"",""LOADS"",""CACHES"",""IMAGE"",""RESOURCES"",""LOCATION"",""LANGUAGES"",""STREAMS\n"",""IMPLEMENTED"",""WORKING"",""JAVA"",""RESOURCESERVICE"",""WHICH"",""PROVIDES"",""IMAGE"",""RESOURCES"",""BY"",""SCANNING"",""WAR"",""CONTENT\n"",""ADDED"",""IMAGE"",""RESOURCES"",""STREAMS"",""LANGUAGES.\n\nTHE"",""SERVER"",""SIDE"",""INTERMEDIATE"",""SOLUTION"",""UNTIL"",""GENERIC"",""WAY"",""HANDLE"",""PERSISTENCE"",""IMAGE"",""DATA"",""STORED"",""DB"",""WHATSOEVER"",""\n"",""UPDATED"",""VERSIONEYE"",""PLUGIN"",""3.10.2"",""HOPEFULLY"",""GET"",""RID"",""ERRORS"",""JENKINS"",""BUILD\n"",""JAVAX.NET.SSL.SSLEXCEPTION:"",""CERTIFICATE"",""<WWW.VERSIONEYE.COM>"",""DOESN"",""T"",""MATCH"",""ANY"",""SUBJECT"",""ALTERNATIVE"",""NAMES:"",""[SENGAA.VERSIONEYE.COM]"",""\n"",""ADDED"",""CRUDSERVICE"",""INTERFACHE\n"",""ADDED"",""INITIAL"",""CONFERENCESERVICE"",""INTERFACE\n"",""ADDED"",""INITIAL"",""CONFERENCESERVICEIMPL\n"",""ADDED"",""INITIAL"",""SUPPORT"",""BLAZEDS\n"",""UPDATED"",""STYLES"",""TEMPLATE\n"",""ADDED"",""RESSOURCE"",""CLASS"",""WRAP"",""RESOURCES"",""SENT"",""BACK"",""BY"",""SERVER"",""INSTEAD"",""RELYING"",""MAP"",""MAPS\n"",""MADE"",""FLEX"",""APPLICATION"",""USE"",""STYLES"",""SENT"",""SERVER"",""OK"","".."",""CURRENTLY"",""I"",""JUST"",""USE"",""DARK"",""STYLE"",""COLOR"",""TITLES"",""\n"",""MADE"",""RESOURCESERVICEIMPL"",""CONFERENCESERVICEIMPL"",""LITTLE"",""SAFER"",""AGAINST"",""NPES\n"",""ADDED"",""LOCATION"",""LOCATION"",""MAP"",""SPEAKER"",""IMAGES"",""RESOURCES"",""OBJECT\n"",""ADDED"",""ABILITY"",""READ"",""STYLE"",""INFORMATION"",""GIVEN"",""CONFERENCE"",""CONFERENCESERVICE\n"",""EXTENDED"",""CONFERENCE"",""REST"",""CONTROLLER"",""GENERATE"",""STYLES.CSS"",""RESOURCES"",""FLY\n"",""ADDED"",""ABILITY"",""READ"",""STYLE"",""INFORMATION"",""GIVEN"",""CONFERENCE"",""CONFERENCESERVICE\n"",""EXTENDED"",""CONFERENCE"",""REST"",""CONTROLLER"",""GENERATE"",""STYLES.CSS"",""RESOURCES"",""FLY\nFIXED"",""BUILD"",""ERRORS"",""REPORTED"",""BY"",""DEPENDECY"",""CHECKER"",""PLUGIN\n"",""ADDED"",""ID"",""FIELD"",""USERPREFERENCES\n"",""COMMENTED"",""PROPERTY"",""ACTIVEMQ.VERSION"",""AS"",""THIS"",""SEEMS"",""CAUSED"",""PROBLEMS"",""DEPENDENCY"",""CONVERGENCE"",""REPORT.\n"",""TRIED"",""GET"",""RID"",""NASTY"",""WARNINGS"",""BUILD.\n"",""TRIED"",""GET"",""RID"",""NASTY"",""WARNINGS"",""BUILD.\n"",""MADE"",""RESOURCESERVICE"",""RETURN"",""MAP"",""CONFERENCE"",""LOGOS\n"",""ADDED"",""CONFERENCE"",""LOGO"",""RESOURCE"",""MAP"",""CONFERENCE\n"",""MADE"",""SCHED"",""ADAPTER"",""LOG"",""CONFERENCES"",""READY"",""SERVER"",""WHEN"",""INITIALIZING.\n"",""UPDATED"",""HEALTH"",""INDICATOR\n"",""CLEANED"",""UP"",""AUTHOR"",""TAGS\n"",""ADDED"",""SUPPORT"",""SCHED"",""CONFERENCES\n"",""CHANGED"",""CONFERENCE"",""NUMERIC"",""ID\n"",""CHANGED"",""SPEAKER"",""IMPORT"",""INITIALIZE"",""EMAIL"",""FIELD"",""GENERATE"",""NUMERIC"",""ID"",""INSTEAD"",""STRING"",""ONE.\n"",""UPDATED"",""DIRECTORIES"",""EXTERNAL"",""IDS"",""ADDED"",""IMAGE"",""RESOURCES"",""JAVALAND"",""2017\n"",""MADE"",""CONFERENCESERVICEIMPL"",""SAFE"",""NULLPOINTEREXCEPTIONS\n"",""MADE"",""RESOURCESERVICE"",""USE"",""SPEAKERIMAGESERVICE"",""PROVIDING"",""SPEAKER"",""IMAGES\nMERGE"",""REMOTE"",""TRACKING"",""ORIGIN/DEVELOP"",""DEVELOP\n"",""REFACTORING"",""ONE"",""TESTS"",""DURING"",""SESSION"",""AT"",""APACHECON"",""GOOVY"",""TESTING"",""\n"",""INCREASED"",""BLAZEDS"",""SECURITY"",""SETTINGS"",""BY"",""WHITELISTING"",""CLASSES"",""AVAILABLE"",""DESERIALIZATION\n""]]"
Gerd Aschemann,"[[""INTRODUCED"",""MASTER"",""POM"",""MADE"",""SMALL"",""CHANGES"",""\nMOVED"",""IMPLEMENTATION"",""MODULE"",""SUB"",""FOLDER\nMOVED"",""RAML"",""FILES"",""MAVEN"",""RESOURCES"",""FOLDER\nMAVENIZED"",""API\nBUGFIX:"",""WANTED"",""GENERATE"",""JAX"",""RS"",""2.0\nFIXED"",""TYPO\nIGNORE"",""ECLIPSE"",""ARTIFACTS\nMERGE"",""MASTER"",""APIASMVN\nADDED"",""API"",""MAVEN"",""BUILD"",""MOVED"",""SPRINGBOOT"",""IMPL\nAVOID"",""MAVEN"",""ENCODING"",""WARNING\nFIXED"",""JAX"",""RS"",""CODEGEN"",""ISSUE\n\n"",""OLD"",""CONFIG"",""PARAM"",""SEEMS"",""BE"",""DEPRECATED"",""WITHOUT"",""WARNING"",""\n"",""REMOVED"",""COMMENTS\nADDED"",""JAVA"",""IMPLEMENTATION"",""HINTS"",""AVOID"",""UGLY"",""JSONXXX"",""CLASS"",""NAMES\nA"",""FIRST"",""I.E"",""HARD"",""CODED"",""IMPLEMENTATION"",""/META\nMAKE"",""VERSIONEYE"",""HAPPY"",""\nFIX:"",""AVOID"",""HTTP://JIRA.CODEHAUS.ORG/BROWSE/GRECLIPSE"",""1677"",""\nADDED"",""VERSIONEYE"",""DEPENDENCY"",""STATUS\nMAKE"",""VERSIONEYE"",""HAPPY\nREMOVE"",""MAVEN"",""REDUNDANCIES\nMAKE"",""M2"",""ECLIPSE"",""HAPPY\nMERGE"",""MASTER"",""HTTPS://GITHUB.COM/JUGDA/DUKECON"",""SERVER\nPREPARE"",""RELEASE"",""CANDIDATE"",""\nSTARTED"",""DEVELOPMENT"",""NEXT"",""VERSION\nLATEST"",""RAW"",""DATA\nADDED"",""SECURITY"",""HINT\nDROPPED"",""OUTDATED"",""FLEX"",""SPECIFIC"",""PLUGIN\nADDED"",""SECURITY"",""SETTING"",""MAKE"",""SUREFIRE"",""FASTER\nPREPARE"",""RELEASE"",""CANDIDATE"",""\nADDED"",""TESTDATA"",""SPRING"",""PROFILE\nCURRENT"",""TEST"",""DATA"",""ADDED\nPLAYED"",""AROUND"",""GROOY"",""CODE"",""QUALITY"",""MEASUREMENT\nSWITCHED"",""LATEST"",""SPRING"",""BOOT\nMERGE"",""MASTER"",""HTTPS://GITHUB.COM/JUGDA/DUKECON"",""SERVER\nDROPPED"",""METRICS"",""LOGGER\nADDED"",""LOGGING"",""...\nSWITCHED"",""JETTY"",""DUE"",""STRANGE"",""STARTUP"",""TIMING"",""PROBLEMS\nADDED"",""SECOND"",""TEST"",""CASE"",""TYPE"",""SAFETY\nMERGE"",""MASTER"",""HTTPS://GITHUB.COM/JUGDA/DUKECON"",""SERVER\nALLOW"",""WORK"",""OFFLINE"",""BY"",""READING"",""LOCAL"",""FILE\nADDED"",""LITTLE"",""TYPE"",""SAFETY"",""...\nEMPTY"",""PREFERENCES"",""SHOULD"",""RETURN"",""EMPTY"",""LIST"",""\nBUGFIX"",""PREFERENCE"",""UPLOAD:"",""JERSEY"",""NEEDS"",""DEFAULT"",""CONSTRUCTOR\nBUGFIX"",""BUGFIX:"",""EMPTY"",""LISTS"",""SIZE"",""0"",""COURSE"",""\nADDED"",""USER"",""PREFERENCES"",""PERSISTENCE"",""...\nADDED"",""KEYCLOAK"",""AS"",""AUTH"",""PROVIDER"",""NEW"",""/REST/PREFERENCES"",""\nADDED"",""CONTEXT"",""PATH"",""LATEST"",""INTEGRATION\nMOVED"",""KEYCLOAK"",""UNIQUE"",""DOMAIN\nSWITCHED"",""SPRING"",""BOOT"",""1.2.5.RELEASE\nUPDATE"",""JACKSON"",""PROPERTY"",""NAME"",""PROVIDE"",""COMPATIBILITY"",""HINT\nUPDATED"",""DEPS"",""RECENT"",""VERSIONS\nSWITCHED"",""BACK"",""OLDER"",""VERSION"",""JACKSON"",""JAXRS"",""JSON"",""PROVIDER\n\nCF"",""HTTPS://GITHUB.COM/FASTERXML/JACKSON"",""JAXRS"",""PROVIDERS/ISSUES/74\nNEXUS"",""NOW"",""AVAILABLE"",""REGULAR"",""HTTP"",""PORT\nIS"",""THIS"",""MOVING"",""TARGET"",""\nADDED"",""HTML5"",""OVERLAY"",""CALL"",""REST"",""SERVICE\nALLOW"",""RANDOM"",""SERVER"",""PORT"",""DURING"",""TESTING\nADDED"",""DUKECON"",""NEXUS\nFIX:"",""AVOID"",""NULL"",""SECOND"",""SPEAKERS\nFIX:"",""USE"",""GERMAN"",""KEYS"",""MISC"",""DOAG"",""JL"",""DATA\nSET"",""CORRECT"",""MIME"",""TYPE"",""CACHE"",""MANIFEST\nFIX:"",""REPLACE"",""&QUOT"",""HTML"",""ENTITY"",""PROPER"",""JSON"",""\\"",""\nDISABLE"",""CACHING"",""MANIFEST"",""FILES"",""COMPLETELY\nFIXED"",""TEST"",""CLEANUP"",""DUE"",""CHANGE"",""IMPLEMENTATION\nAVOID"",""DUPLICATES"",""TALKS"",""\nSTARTED"",""TESTING"",""PHASE\nRUN"",""/DEVELOP"",""AS"",""DEFAULT"",""CONTEXTPATH\nMOVED"",""SERVLETINITIALIZER\nSWITCHED"",""REAL"",""JAVALAND"",""2016"",""REST"",""URL\nMERGE"",""MASTER"",""HTTPS://GITHUB.COM/DUKECON/DUKECON"",""SERVER\nADDED"",""UNAUTHORIZED"",""ACCESS"",""SERVICE"",""TESTING"",""PURPOSES\nADDED"",""LOGGING\nNEW"",""RAW"",""DATA"",""URL"",""2016"",""\nRAW"",""DATA"",""AS"",""2015"",""09"",""24"",""08H57\nRAW"",""DATA"",""AS"",""2015"",""09"",""24"",""08H39\nPREPARED"",""PRODUCTION\nADDED"",""KEYCLOAK"",""REDIRECTURI\nADDED"",""KEYCLOAK"",""CONFIGURATION"",""SERVICE\nIMPROVED"",""CACHING"",""RESPECT"",""DUKECON/DUKECON"",""HTML5"",""26\nLOCALLY"",""FIXED"",""TAKARI/MAVEN"",""WRAPPER/"",""18\n\n"",""SET"",""SYMLINK"",""CURRENTJDK"",""/LIBRARY/JAVA/JAVAVIRTUALMACHINES"",""AS"",""WELL"",""\nMAKE"",""MAVEN"",""WRAPPER"",""EXECUTABLE"",""\nAVOID"",""MAPPING"",""TEST"",""SERVER"",""FIXED"",""PORT"",""...\nENABLE"",""COMPRESSION\nMERGE"",""AHUS1"",""AHUS1"",""GUITEST"",""DEVELOP\nSTARTED"",""POSTGRESQL"",""DEVELOPMENT\nFIX:"",""ADDED"",""CACHING"",""LOCATION\nMOVED"",""CACHING"",""LOCATION"",""DOCKER"",""PROFILE\nADDED"",""RELEASE"",""KEYCLOAK\nMERGE"",""RELEASE/1.1"",""DEVELOP\nADDED"",""PRODUCTION"",""KEYCLOAK"",""PARAMS\nNO"",""SECRET"",""NECESSARY\nFIX:"",""PRODUCTION"",""NOW"",""USES"",""HTTPS"",""\nMERGE"",""RELEASE/1.1"",""DEVELOP\nDEFAULT"",""PG"",""HOST"",""POSTGRES"","">"",""ADD"",""LOCAL"",""PROFLE\nREPLACED"",""POSTGRESQL"",""PARAMETERS"",""BY"",""PLACEHOLDERS"",""MAKE"",""CONFIGURATION"",""EASIER\nADDED"",""/TESTING"",""KEYCLOAK\nFIX:"",""JAVALAND"",""NOW"",""HAS"",""THREE"",""DAYS"",""INCLUDING"",""COMMUNITY"",""PROGRAM"",""MONDAY"",""\nTESTDATA"",""ALSO"",""USES"",""LATEST/"",""KEYCLOAK\nNORMALIZED"",""ALL"",""SERVER.CONTEXTPATH"",""CONFERENCE.URL"",""DATA\nUSE"",""VERSION"",""1.2.0"",""SNAPSHOT"",""HTML5"",""CLIENT\n[MAVEN"",""RELEASE"",""PLUGIN]"",""PREPARE"",""NEXT"",""DEVELOPMENT"",""ITERATION\n[MAVEN"",""RELEASE"",""PLUGIN]"",""PREPARE"",""RELEASE/1.1\nSET"",""MAVEN"",""RELEASE"",""PLUGIN"",""VERSION\nKEYCLOAK"",""SWITCHED"",""HTTPS\nCLEANED"",""UP"",""GIT"",""IGNORE"",""LIST\nDROPPED"",""OLD"",""TEST"",""CONTENTS"",""WAR\nADDED"",""VERSIONS"",""INDEX\nFIX:"",""RESTORED"",""MISSING"",""OVERLAY"",""WAR\nADDED"",""SUREFIRE"",""REPORTS\nADDED"",""SERVER"",""VERSION.TXT"",""GIT"",""DATA\nMOVED"",""LOT"",""STUFF"",""PLUGIN"",""DEPENDENCYMANAGEMENT"",""REACTOR\nCLEANED"",""UP"",""VERSIONS\nIGNORE"",""DEPENDENCY"",""MANAGEMENT"",""DURING"",""VERSIONEYE"",""UPDATE\nSORTED"",""DEPENDENCIES\nINTRODUCED"",""MAVEN"",""DEPENDENCY"",""ANALYSIS"",""ADDED/SCOPE"",""CLEANED"",""LOT"",""DEPS\nMOVED"",""ALMOST"",""ALL"",""VERSIONS"",""PROPERTIES\nADDED"",""LICENSE"",""POM\nSOME"",""DEPENDENCY"",""UPDATES\nUPDATED"",""VERSIONEYE"",""DEPENDENCY"",""BADGES\nADDED"",""VERSIONEYE"",""PROJECT"",""ID\nUPDATED"",""GROOVY"",""LATEST"",""VERSION\nADDED"",""VERSIONEYE\nUPDATED"",""DENDENCIES"",""NEWER"",""VERSIONS\nPUBLISH"",""SITE"",""GROUP/ARTIFACT"",""SUB"",""DIRECTORY\nFIX:"",""SITE"",""URLS"",""ARE"",""DIFFERENT"",""THEY"",""NEED"",""PROTOCOL"",""EXTENSIONS"",""GRRR"",""\nDAV"",""SITE"",""DEPLOYMENT"",""ALSO"",""NEEDS"",""WAGON"",""EXTENSION\nUSE"",""LATEST"",""JQASSISTANT\nFURTHER"",""SITE"",""EXTENSIONS\nADDED"",""SITE"",""REPOSITORY\nADDED/FIXED"",""SITE"",""REPORTING\n\n"",""AVOID"",""WARNINGS"",""MISSING"",""DEPENDENCY"",""LOCATIONS\n"",""ADD"",""GITLOG"",""CHANGES\nUPGRADE"",""SPRING"",""BOOT"",""1.3.4\nADDED"",""DEVELOPERS"",""SITE"",""GENERATE\nUSING"",""MULTI"",""MODULE"",""MAVEN"",""RELEASE"",""PLUGIN"",""AKA"",""RELEASER"",""PLUGIN"",""\nFIX:"",""REPLACE"",""PLACEHOLDER"",""BY"",""CONCRETE"",""VALUE"",""SNAPSHOT"",""DEPENDENCY"",""RELEASER"",""CONFIGURATION"",""\nFIX:"",""REPLACE"",""PLACEHOLDER"",""BY"",""CONCRETE"",""VALUE"",""SNAPSHOT"",""DEPENDENCY\nMERGE"",""FEATURE/TWITTER"",""DEVELOP\nAVOID"",""GROOVY"",""IDE"",""WARNING"",""PUBLIC"",""METHOD\nSWITCH"",""OFFICIAL"",""DOAG"",""CONFERENCE"",""URL\nADD"",""USEACCOUNTMANAGEMENT"",""FLAG\nSWITCH"",""KEYCLOAK"",""URL"",""PRODUCTION\nDROP"",""BACKUP/"",""DIRECTORY"",""MAY"",""NOT"",""EXIST"",""\nDROP"",""JAVAISTIC"",""\nOMIT"",""SCHED"",""CONFERENCES"",""LOADING"",""\nDEFAULT"",""CONFERENCE"",""ID"",""NOW"",""JL2017\nDROPPED"",""SCHED/"",""DIRECTORY\nIGNORE"",""HEALTHINDICATOR"",""TEST"",""NEEDS"",""BE"",""REFACTORED\nRENAMED"",""FORMES"",""DOAG"",""\nMERGE"",""DEVELOP"",""CONFERENCE"",""ADAPTER"",""MULTITENANT\nFIX"",""ROOT"",""CAUSE"",""40\n\nTHE"",""LIST"",""SPEAKERS"",""WAS"",""NOT"",""UNIFIED"",""WHEN"",""CREATED\nSOLVE"",""45"",""40"",""BY"",""USING"",""UNIQUE"",""SPEAKER"",""HANDLES"",""QUICK"",""HACK"",""\nNEVER"",""EVER"",""WRITE"",""DEBUGGING"",""MESSAGES"",""SYSTEM.OUT"",""USE"",""APPROPRIATE"",""LOGGING"",""INSTEAD"",""\nIGNORE"",""TESTS"",""UNTIL"",""FINAL"",""SOLUTION"",""47"",""FOUND"",""\nBECOME"",""CONSERVATIVE"",""WHEN"",""LOADING"",""TWITTER"",""HANDLES\nFIX"",""LOGGING"",""CF"",""SPRING"",""PROJECTS/SPRING"",""BOOT"",""4489"",""\n\n"",""DO"",""NOT"",""LOAD"",""BASE"",""CONFIGURATION"",""BUT"",""ONLY"",""DEFAULTS\n"",""LOAD"",""LOCAL"",""LOGGING"",""PROPERTIES"",""FIRST\nENSURE"",""UTF"",""8"",""DATA"",""ARE"",""READ"",""RIGHT"",""ENCODING\nMERGE"",""FEATURE/BLAZEDS"",""SERVER"",""DEVELOP\nADD"",""GENERIC"",""ARCHITECTURE"",""DOCUMENTATION\nGROOVIFY"",""STRING"",""BUILDING\nSWITCH"",""JAVALAND"",""2017\nIGNORE"",""BACKUP"",""DATA"",""LOCAL"",""RUNS\nSHIFTED"",""PARAMETERS"",""RESOURCE"",""INIT.JSON\nMERGE"",""REMOTE"",""TRACKING"",""ORIGIN/MASTER"",""DEVELOP\nFIXED"",""SWAGGER"",""APISOURCE"",""INDENTATIONS"",""POM\nFIX"",""MAVEN"",""TARGET"",""DIRECTORY"",""NAMES"",""VS"",""PROPERTIES\nFIX:"",""LOG"",""$LOG"",""PATH"",""INSTEAD"",""RELATIVE"",""LOGS"",""\nSMALL"",""CHANGES"",""SWAGGER"",""GENERATOR\nFIX:"",""ONE"",""S"",""OUTPUT"",""OTHER"",""S"",""INPUT\nREVERT"",""FIX:"",""LOG"",""$LOG"",""PATH"",""INSTEAD"",""RELATIVE"",""LOGS"","""",""THIS"",""DOES"",""NOT"",""SEEM"",""WORK"",""...\n\nTHIS"",""REVERTS"",""COMMIT"",""F00D0D85A7D925B8619BF6D9360BCEC06BAFD044.\nPUBLISH"",""SITE"",""SPECIFIC"",""VERSION\n"",""RE"",""INSERTED"",""PROPERTY"",""ARQUILLIAN"",""PHANTOM"",""BINARY\nMAKE"",""ANNA"",""HAPPY:"",""RENAME"",""NOAUTHPREFERENCESSERVICE"",""CORRECT"",""NAME\nFIXED"",""TEST:"",""DO"",""NOT"",""COMPARE"",""EXACT"",""NUMBER"",""SPEAKERS"",""\nMERGE"",""DEVELOP"",""FEATURE/TWITTER\nADDED"",""TWITTER"",""HANDLES\nADDED"",""TWITTER"",""HANDLES\nAVOID"",""BUILDING"",""GIT"",""TAGS"",""TRAVIS\nFIX:"",""MAKE"",""MULTI"",""VERSION"",""MAVEN"",""RELEASE"",""PLUGIN"",""HAPPY:"",""CANNOT"",""HANDLE"",""PROPERTIES"",""CORRECTLY"",""\nCLEAN"",""LOCAL"",""MERGE"",""PROBLEM:"",""PURGE"",""OUTDATED"",""SELENIUM"",""DEPS\nUSE"",""LATEST"",""VERSION"",""ARQUILLIAN\nENSURE"",""LATEST/CONSITENT"",""SELENIUM"",""VERSIONS"",""ARE"",""USED"",""...\n\n.."",""SELENIUM"",""BOM"",""IMPORT"",""MUST"",""OCCUR"",""BEFORE"",""ARQUILLIAN"",""\nUPDATE"",""LATEST"",""SELENIUM"",""DRIVER"",""HOPING"",""MAKE"",""BUILD"",""PROBLEMS"",""DISAPPEAR\nFIX:"",""REPLACE"",""PLACEHOLDER"",""BY"",""CONCRETE"",""VALUE"",""SNAPSHOT"",""DEPENDENCY"",""RELEASER"",""CONFIGURATION"",""SUBMOD"",""ALSO"",""\nREGEX"",""NEEDS"",""END"",""MARK"",""\nMAYBE"",""TRAVIS"",""DOES"",""NOT"",""SPEAK"",""NEWEST"",""DIALECT"",""REGULAR"",""EXPRESSIONS"",""\nSTARTING"",""RELEASE"",""1.3\nFIXED"",""TEST:"",""DO"",""NOT"",""COMPARE"",""EXACT"",""NUMBER"",""SPEAKERS"",""\nUPDATE"",""README.MD\n\nADDED"",""LABEL"",""VERSIONEYE"",""STATUSMERGE"",""REQUEST"",""34"",""AHUS1/DEVELOP\n\nADDED"",""HEALTH"",""CHECK"",""SPRING"",""BOOT"",""STYLEMERGE"",""REQUEST"",""33"",""AHUS1/DEVELOP\n\nADDING"",""MAVEN"",""WRAPPER"",""MAKE"",""ENABLE"",""BUILD"",""DUKECON"",""INFRAMERGE"",""REQUEST"",""32"",""AHUS1/AHUS1"",""GUITEST\n\nPROOF"",""CONCEPT"",""GUI"",""TESTING"",""JGIVEN"",""ARQUILLIANMERGE"",""REQUEST"",""35"",""AHUS1/PERSISTENT"",""CACHE\n\nADDING"",""HYSTRIX"",""AS"",""CIRCUIT"",""BREAKER"",""WHEN"",""CALLING"",""DOAG""]]"
Falk Sippach,"[[""TALKS"",""REST"",""SERVICE"",""V2"",""META"",""DATA"",""REFERENCE\nREFACTORING"",""META"",""DATA"",""LOOKUP\nTESTS"",""FIXED\nMERGE"",""MASTER"",""HTTPS://GITHUB.COM/DUKECON/DUKECON"",""SERVER"",""METADATA\nREFACTORING"",""META"",""DATA"",""EXTRACTION\nREMOVED"",""OBSOLETE"",""CODE"",""AFTER"",""REFACTORING"",""METADATA"",""LOOKUP\nREFACTORING"",""METADATA"",""LOOKUP"",""TAKS"",""REST"",""SERVICE"",""V2\nREDESIGNED"",""INTERNAL"",""DATA"",""MODEL\nNEW"",""UPDATED"",""REST"",""SERVICES"",""CONFERENCE"",""METADATA"",""TALKS"",""V2"",""\nCHANGED"",""2016"",""JAVALAND"",""INPUT"",""FILE\nMERGE"",""MASTER"",""HTTPS://GITHUB.COM/DUKECON/DUKECON"",""SERVER"",""METADATA\nFIXED"",""MISSING"",""TRACK"",""INFORMATION"",""TALK"",""ADDED"",""SPEAKER"",""ID\nCHANGED"",""I18N"",""MESSAGE"",""KEY"",""LANGUAGE"",""STRING\nFIXED"",""MISSING"",""TALK"",""TYPE"",""ID\nREFERENCED"",""FOREIGN"",""KEYS"",""INSTEAD"",""OBJECTS"",""AGGREGATES"",""\nADDED"",""TEST"",""FILTERSREPOSITORY\nREST"",""SERVICE"",""USER"",""FILTERS"",""ADDED\nH2"",""DATABASE"",""WEB"",""CONSOLE"",""INTEGRATED\nMETA"",""DATA"",""REST"",""SERVICE"",""IMPLEMENTED\nREFACTORING/RENAMING"",""TALK"",""DATA"",""PROVIDER\nMETADATA"",""EXTRACTION\nOVERLAY"",""DIRECTORY"",""IGNORED\nMERGE"",""MASTER"",""HTTPS://GITHUB.COM/DUKECON/DUKECON"",""SERVER\nCACHEINVALIDIERUNG"",""DOAG"",""TALKS"",""KONFIGURIERBAR\n\nHTTPS://GITHUB.COM/DUKECON/DUKECON"",""SERVER/ISSUES/7\nTESTS"",""TIDIED"",""UP\nTESTS"",""REFACTORING"",""TALK"",""CACHE"",""INVALIDATION\nTEST"",""FIXED\nFIX"",""MAVEN"",""BUILD"",""FAILURE"",""MISSING"",""SPRING"",""BOOT"",""MAVEN"",""PLUGIN\nCALCULATING"",""PARTITION"",""EVENTS"",""CLOCK"",""SLICES"",""SERVER"",""SIDE"",""EVENT"",""SLICES"",""SLICEDEVENTS"",""AS"",""REST"",""SERVICE\nMERGE"",""DEVELOP"",""HTTPS://GITHUB.COM/DUKECON/DUKECON"",""SERVER"",""DEVELOP\nFIXED"",""PROVIDING"",""UNIQUE"",""ID\nFIXED"",""PROVIDING"",""UNIQUE"",""ID\nFIXED"",""HTML5"",""CLIENT"",""OVERLAY"",""NOT"",""WORKING"",""PROBLEMS"",""ACTUALLY"",""SPRING"",""BOOT"",""WEB"",""DEPENDENCIES"",""WAS"",""MISSED"",""SO"",""NO"",""STATIC"",""FILES"",""COULD"",""BE"",""SERVED"",""PUBLIC"",""DIRECTORY\nADDED"",""ICONS"",""METADATA\nREDESIGNED"",""CONFERENCESERVICE"",""ROOT"",""SUB"",""RESOURCE"",""REST/CONFERENCES"",""NOW"",""DELIVERS"",""OBJECT"",""PER"",""CONFERENCE\nMERGE"",""DEVELOP"",""HTTPS://GITHUB.COM/DUKECON/DUKECON"",""SERVER"",""DEVELOP\nUNUSED"",""FLYWAY"",""CONFIG"",""PARAMS"",""REMOVED\nMISSING"",""RENAMINGS"",""ROOM"",""TALK"",""FIXED\nMISSING"",""RENAMINGS"",""ROOM"",""TALK"",""FIXED\nMERGE"",""DEVELOP"",""HTTPS://GITHUB.COM/DUKECON/DUKECON"",""SERVER"",""DEVELOP\n\nCONFLICTS:\n\tIMPL/SRC/MAIN/JAVA/ORG/DUKECON/SERVER/SERVICE/ABSTRACTPREFERENCESSERVICE.GROOVY\nRENAMED"",""TALKTYPE"",""EVENTTYPE\nRENAMED"",""TALK"",""EVENT\nFIXED"",""COMPILER"",""BUG\nRENAMED"",""ROOM"",""LOCATION\nRENAMED"",""TALK"",""EVENT\nJAX"",""RS"",""ANALYZER"",""PLUGIN"",""COMMENTED"",""OUT\nADDED"",""LANGUAGES"",""ROOMS\nADDED"",""CONFERENCE"",""ID"",""RESOURCE"",""PATH\nADDED"",""TALK"",""LIST"",""SPEAKER\nBUGFIX"",""TALKS"",""WITHOUT"",""SPEAKER\nCONFERENCE"",""METADATA"",""CROSSLINKED\nNEW"",""TESTDATA"",""COMMUNITY"",""EVENTS\nMOVED"",""TRACKS"",""ROOMS"",""CONFERENCE"",""METADATA"",""KEEP"",""ALL"",""METADATA"",""AT"",""ONE"",""PLACE\nFIXED"",""TEST\nADDED"",""SPEAKER"",""REST"",""SERVICE"",""MOVED"",""ALL"",""CURRENT"",""REST"",""SERVICES"",""UNDER"",""CONFERENCE\nHTTP"",""ETAG"",""CONFIG"",""ADDED\nUPDATE"",""SPRING"",""BOOT"",""1.3.0"",""FINAL\nREMOVED"",""SNAPSHOT"",""UND"",""MILESTONE"",""MVN"",""REPO\nREFACTORING"",""PACKAGE"",""STRUCTURE\nUPDATED"",""SPRING"",""BOOT"",""1.3.0"",""RC1\nREFACTORING"",""PACKAGE"",""STRUCTURE\nREFACTORING"",""PACKAGE"",""STRUCTURE\nREFACTORING"",""PACKAGE"",""STRUCTURE\nFILTER"",""EVENTS"",""EMPTY"",""DURATION\nREPLACED"",""\\R\\N"",""\\N\nFINISHED"",""POSTGRESQL"",""CONFIGURATION\nRENAMING"",""COLUMNS"",""TABLES\nFLYWAY"",""CORRECTIONS\nMERGE"",""DEVELOP"",""FEATURE/POSTGRES\n\nCONFLICTS:\n\tIMPL/SRC/MAIN/RESOURCES/APPLICATION.PROPERTIES\nREFACTORED"",""DIVIDE"",""BETWEEN"",""PROD"",""TEST"",""ENV"",""POSTGRESQL\nRENAMED"",""POSTGRESQL"",""DEFAULT"",""DB"",""NAME\nJAX"",""RS"",""ANALYZER"",""MAVEN"",""PLUGIN"",""ACTIVATED"",""AGAIN"",""UPDATED\nFILTER"",""EVENTS"",""EMPTY"",""DURATION\nREPLACED"",""\\R\\N"",""\\N\nADDED"",""SWAGGER2MARKUP\nADDED"",""CORS"",""FILTER\nACCESS"",""CONFERENCES"",""REST"",""SERVICE"",""ADDITIONALLY"",""REST/CONFERENCES/ID.JSON\nMERGE"",""DEVELOP"",""HTTPS://GITHUB.COM/DUKECON/DUKECON"",""SERVER"",""DEVELOP\nREFACTORED"",""INIT"",""RESOURCE"",""CHOOSING"",""REAL"",""CONFERENCE\nFIXED"",""HERBSTCAMPUS"",""CONFERENCE"",""NAME\nADDED"",""INIT"",""RESOURCE"",""RETRIEVING"",""CONFERENCE"",""ID"",""CONFERENCE"",""NAME"",""YEAR\nFIXED"",""POTENTIAL"",""NULLPOINTER"",""ERRORS"",""BECAUSE"",""MISSING"",""APACHECON"",""APIKEY\nBIG"",""REFACTORING"",""MULTITENANT"",""CONFERENCE"",""DATAPROVIDERS\nFINISHED"",""HERBSTCAMPUS"",""DATA"",""MAPPING\nADDED"",""INTIAL"",""DATA"",""EXTRACTOR"",""HERBSTCAMPUS"",""CONFERENCE\nMERGE"",""DEVELOP"",""HTTPS://GITHUB.COM/DUKECON/DUKECON"",""SERVER"",""DEVELOP\nADDED"",""EXTERNAL"",""CONFERENCE"",""CONFIGURATION\nTRIED"",""FIX"",""SELENIUM"",""FIREFOX"",""DRIVER"",""PROBLEMS\nREFACTORING"",""SPEAKER"",""MAPPING\nMERGE"",""DEVELOP"",""HTTPS://GITHUB.COM/DUKECON/DUKECON"",""SERVER"",""DEVELOP\nADDED"",""HOMEURL"",""CONFERENCE"",""JSON"",""EXPORT\nBUGFIX"",""SPEAKER"",""DATA\nADDED"",""FIRST"",""LASTNAME"",""CLEANED"",""UP"",""TWITTER"",""HANDLES\nGENERALIZATION"",""READING"",""SPEAKER"",""DATA"",""SPLITTING"",""FIRST"",""LASTNAME"",""AS"",""NEEDED\nREFACTORING"",""SPEAKER"",""IMAGE"",""SERVICE"",""ADDED"",""HERBSTCAMPUS"",""SPEAKER"",""IMAGES\nRENAMED"",""WILLBECOMEFULL"",""VERYPOPULAR"",""TESTS"",""FIXED\nNEXT"",""FIX"",""DEPENDENCY"",""PROBLEMS\nNEW"",""EVENT"",""FIELD"",""WILLBECOMEFULL"",""MAPPING"",""MAPPING"",""CAPACITY"",""TESTS"",""FIXED\nFIXED"",""DEPENDENCY"",""WARNINGS\nSECURED"",""ADMIN"",""REST"",""INTERFACE\nCHANGED"",""FULLBOOKEDRESOURCE"",""ADMINRESOURCE"",""ADDED"",""EVENTBOOKINGRESOURCE\nADDED"",""ADMIN"",""REST"",""RESOURCE"",""SETTING"",""FULLYBOOKED"",""FLAG\nADDED"",""DEBUG"",""LOGGING\nFIXED"",""COMPILE"",""TEST"",""ERRORS\nFIXED"",""TEST"",""ERROR\nCALCULATED"",""NUMBEROFFAVOURITES\nFIELD"",""SIMULTAN"",""ADDED\nFIXED"",""CONFERENCE"",""CONFIG"",""BUG\nRETURN"",""STATUS"",""404"",""IF"",""CONFERENCE"",""CAN"",""NOT"",""BE"",""FOUND\nFIXED"",""READING"",""CSV"",""FILE"",""AS"",""INPUTSTREAM\nADDED"",""FULLYBOOKED"",""NUMBEROFFAVORITES"",""LOCATIONCAPACITY"",""MODEL\nREACTIVATED"",""INIT.JSON"",""DEVELOPMENT\nSWITCHED"",""INIT.JSON"",""REST/CONFERENCES"",""TALKPROVIDER"",""CONFIGURATION"",""DATA\nMERGE"",""DEVELOP"",""HTTPS://GITHUB.COM/DUKECON/DUKECON"",""SERVER"",""DEVELOP\nFIXED"",""LOADING"",""CONFERENCES.YML"",""JAR"",""EXECUTION\nTEMPORARELY"",""DEACTIVATED"",""HYSTRIX"",""DUE"",""PROBLEMS"",""JAR"",""EXECUTION"",""MODE\nIGNORED"",""JAVALANDDATAEXTRACTOR"",""TEST\nFIXED"",""UNDECLARED"",""MAVEN"",""DEPENDENCY\nINTERMEDIATE"",""STATE"",""READING"",""CONFERENCE"",""RESOURCES"",""WORKING"",""JAVALAND"",""2016"",""2017\nINTERMEDIATE"",""STATE"",""REFACTORING"",""MULTITENANT"",""DATA"",""PROVIDER\nBIG"",""REFACTORING"",""MULTITENANT"",""CONFERENCE"",""DATAPROVIDERS"",""ADDED"",""INITIAL"",""WEBRESOURCEDATAPROVIDER"",""CONFIGURED"",""BEANDEFINITIONREGISTRY"",""IT\nFIXED"",""TESTS\nFIXED"",""TESTS\nREFACTORING"",""DATAPROVIDER\nREFACTORING"",""DATA"",""LOADING"",""RE"",""ENABLING"",""HYSTRIX\nREFACTORING"",""RAW"",""DATA"",""RESOURCE"",""MANAGEMENT\nFIXED"",""TEST"",""ERRORS"",""ADDED"",""SPRING"",""CONTEXT"",""INITIALIZER"",""SPRING"",""INTEGRATION"",""TESTS\nJAVALAND"",""SPEAKER"",""INFORMATION"",""ADDED\nBUGFIX\nFIX"",""TRAVIS"",""CI\nSPEAKER"",""IMAGES"",""REST"",""RESOURCE\nADDED"",""TEST"",""DATA\nCHANGED"",""NOT"",""FOUND"",""RETURN"",""TYPE"",""IF"",""CONFERENCE"",""NOT"",""EXISTS\n"",""46"",""HTTPS://GITHUB.COM/DUKECON/DUKECON"",""SERVER/ISSUES/46\nMERGE"",""DEVELOP"",""HTTPS://GITHUB.COM/DUKECON/DUKECON"",""SERVER"",""DEVELOP\nHERBSTCAMPUS"",""INPUT"",""FILE"",""LOADING"",""AS"",""RESOURCE\nFIXED"",""MAVEN"",""DEPENDENCIES\nFIXED"",""SPECIAL"",""DAY"",""HANDLING"",""WORKSHOP"",""DAY\nFIXED"",""SPEAKER"",""EVENT"",""ASSIGNMENT\nLAST"",""INPUT"",""JSON"",""FILE"",""VERSION"",""FINISHED"",""JAVALAND"",""2016"",""JFS"",""2016\nMERGE"",""REQUEST"",""16"",""DUKECON/METADATA\n\nMETADATAMERGE"",""REQUEST"",""15"",""DUKECON/METADATA\n\nMETADATAMERGE"",""REQUEST"",""17"",""DUKECON/METADATA\n\nMETADATAMERGE"",""REQUEST"",""18"",""DUKECON/METADATA\n\nFIXED"",""MISSING"",""TRACK"",""INFORMATION"",""TALK"",""ADDED"",""SPEAKER"",""IDFIXED"",""TRAVIS"",""LINKMERGE"",""REQUEST"",""10"",""DUKECON/TALKCACHEINVALIDIERUNG\n\nTALK"",""CACHE"",""INVALIDIERUNGMERGE"",""REQUEST"",""27"",""DUKECON/METADATA\n\nFIXED"",""COMPILER"",""BUGMERGE"",""REQUEST"",""26"",""DUKECON/METADATA\n\nRENAMED"",""ROOM"",""LOCATIONMERGE"",""REQUEST"",""25"",""DUKECON/METADATA\n\nADDED"",""CONFERENCE"",""ID"",""RESOURCE"",""PATHMERGE"",""REQUEST"",""24"",""DUKECON/METADATA\n\nJAX"",""RS"",""ANALYZER"",""PLUGIN"",""COMMENTED"",""OUTMERGE"",""REQUEST"",""23"",""DUKECON/METADATA\n\nBUGFIX"",""TALKS"",""WITHOUT"",""SPEAKER"",""CONFERENCE"",""METADATA"",""CROSSLINKED"",""NEW"",""TESTDATA"",""COMMUNITY"",""EVENTSMERGE"",""REQUEST"",""20"",""DUKECON/METADATA\n\nADDED"",""SPEAKER"",""REST"",""SERVICE"",""MOVED"",""ALL"",""CURRENT"",""REST"",""SERVICES"",""UNDER"",""CONFERENCEMERGE"",""REQUEST"",""21"",""DUKECON/METADATA\n\nADDED"",""TALK"",""LIST"",""SPEAKERMERGE"",""REQUEST"",""19"",""DUKECON/METADATA\n\nCHANGED"",""I18N"",""MESSAGE"",""KEY"",""LANGUAGE"",""STRINGMERGE"",""REQUEST"",""31"",""AHUS1/AHUS1"",""SPEEDUPBUILD\n\nCACHE"",""MAVEN"",""DIRECTORY"",""SPEED"",""UP"",""BUILDUPDATE"",""WEBRESOURCEDATAPROVIDERREMOTE.GROOVYUPDATE"",""CONFERENCES.YMLADDED"",""APEX"",""2017"",""DOAG"",""2016"",""CONFERENCES"",""LISTUPDATE"",""CONFERENCES.YMLUNNECESSARY"",""DEPENDENCIES"",""COMMENTED"",""NOW\nGITIGNORE"",""ADDED\nINITIAL"",""SPRING"",""BOOT"",""SETUP\nPOM.XML"",""TIDIED"",""UP"",""INTELLIJ"",""IDEA"",""PROBLEM"",""SPRING"",""BOOT"",""TOMCAT"",""FIXED\nMERGE"",""MASTER"",""HTTPS://GITHUB.COM/JUGDA/DUKECON"",""SERVER\nIGNORED"",""TEST"",""CASE"",""FIXED\nMERGE"",""MASTER"",""HTTPS://GITHUB.COM/JUGDA/DUKECON"",""SERVER\n\nCONFLICTS:\n\tIMPL/SRC/TEST/JAVA/ORG/DUKECON/INTEGRATION/DUKECONSERVERAPPLICATIONSPEC.GROOVY\nDIVIDE"",""SPOCK"",""UNIT"",""INTEGRATION"",""TESTS\nADDED"",""SPOCK"",""UNIT"",""TEST\nMERGE"",""MASTER"",""HTTPS://GITHUB.COM/JUGDA/DUKECON"",""SERVER\nADDED"",""SPOCK"",""DEPENDENCY"",""FIRST"",""SPOCK"",""INTEGRATION"",""TEST\nFIXED"",""MERGE"",""CONFLICTS\nMERGED\n""]]"
steffchep,"[["""",""HOPEFULLY"",""FIX"",""TEST\nADD"",""STYLE"",""PROPERTIES"",""JL2017\n""]]"
Niko Köbler,"[[""INITIAL"",""COMMIT\nADD"",""CREATED"",""MODEL"",""BE"",""ABLE"",""GET"",""RID"",""GENERATED"",""STUFF"",""\nSET"",""CORRECT"",""SCOPE"",""LOMBOK\nREMOVED"",""DEPENDENCY"",""API"",""PROJECT"",""USING"",""OWN"",""MODEL"",""SERVICE"",""CLASSES\nTHIS"",""C"",""LEAN\nREMOVED"",""OUTDATED"",""DEPENDENCY"",""API\n""]]"
Niko Köbler,"[[""REVERT"",""LOGO/ICON"",""\n\nTHIS"",""REVERTS"",""COMMIT"",""5EE929FB0FA279A2F8ECA6DE67F52E2BA70C26A3.\nLOGO/ICON"",""\nFIRST"",""DRAFT"",""META"",""API\nFIRST"",""DRAFT"",""TALKS"",""API\nMERGE"",""MASTER"",""HTTPS://GITHUB.COM/JUGDA/DUKECON"",""SERVER\n\n"",""BY"",""CHRISTOFER"",""DUTZ\n"",""VIA"",""CHRISTOFER"",""DUTZ\n*"",""MASTER"",""HTTPS://GITHUB.COM/JUGDA/DUKECON"",""SERVER:\n"",""ADDED"",""CONFIG"",""NEEDED"",""EMBED"",""FLEX"",""CLIENT"",""WAR"",""COMMENTED"",""\nINITIAL"",""BASIC"",""TRAVIS"",""FILE\nADD"",""IDEA"",""SETTINGS"","".GITIGNORE\nMERGE"",""MASTER"",""HTTPS://GITHUB.COM/JUGDA/DUKECON"",""SERVER\n\n"",""BY"",""GERD"",""ASCHEMANN\n"",""VIA"",""GERD"",""ASCHEMANN\n*"",""MASTER"",""HTTPS://GITHUB.COM/JUGDA/DUKECON"",""SERVER:\n"",""UPDATE"",""README.MD\n"",""ADDED"",""VERSIONEYE"",""DEPENDENCY"",""STATUS\n"",""MAKE"",""VERSIONEYE"",""HAPPY\nREMOVE"",""IMPLEMENTATION"",""DETAILS"",""SCHEMA"",""ADD"",""SCHEMA"",""SECTION"",""RAML"",""BETTER"",""CLASS"",""NAMING"",""WHILE"",""GENERATING"",""SOURCES\nADD"",""SWAGGER"",""GENERATION"",""BUILD"",""SO"",""CAN"",""GENERATE"",""SWAGGER"",""DOC"",""WITHOUT"",""HAVING"",""SWAGGER"",""ANNOTATIONS"",""CODE"",""\nADD"",""TALKSERVICE"",""STUB\nADD"",""CONSTRUCTORS"",""JSON"",""MAPPING"",""USAGE\nMOVED"",""MODEL"",""CLASSES"",""API"",""PACKAGE"",""INTRODUCE"",""PARENT"",""POM"",""STRUCTURE"",""GENERATE"",""SWAGGER.JSON"",""FILE"",""API"",""MODULE"",""TARGET"",""FOLDER\nHAVE"",""TALKPROVIDER"",""DELIVERING"",""TALKS"",""DEMO"",""TALKS"",""NOW"",""LOADED"",""STATIC"",""FILE\nUSE"",""ALL"",""GROOVY"",""BECAUSE"",""JSON"",""\nREMOVED"",""NOW"",""UNUSED"",""RAML"",""JSON"",""SCHEMA"",""FILES\nADDED"",""DEMO"",""TALKS"",""JAVALAND"",""SERVER"","":"",""\nCOOL"",""SPRING"",""BOOT"",""STARTUP"",""BANNER\nMERGE"",""MASTER"",""HTTPS://GITHUB.COM/JUGDA/DUKECON"",""SERVER\n\n"",""BY"",""FALK"",""SIPPACH\n"",""VIA"",""FALK"",""SIPPACH\n*"",""MASTER"",""HTTPS://GITHUB.COM/JUGDA/DUKECON"",""SERVER:\n"",""POM.XML"",""TIDIED"",""UP"",""INTELLIJ"",""IDEA"",""PROBLEM"",""SPRING"",""BOOT"",""TOMCAT"",""FIXED\nFIXED"",""ENCODING"",""ORIGIN"",""DATA\nPING"",""METHOD"",""LAST"",""UPDATED"",""STRING"",""YET"",""MOCKED"",""\nUPDATED"",""JAXRS"",""ANALYZER"",""PLUGIN\nRENAME"",""FIELD"",""TALK"",""ABSTRACT\nEXPLICIT"",""GROOVY"",""SPOCK"",""VERSIONS"",""MAKE"",""TESTS"",""RUN"",""IGNORE"",""\nUSE"",""GROOVY"",""BUILT"",""LOGGING\nMAKE"",""TESTS"",""RUN"",""SPOCK\nREMOVE"",""MAVEN"",""REDUNDANCIES\nTRANSLATED"",""ENGLISH"",""BE"",""CONSISTEND"",""OTHER"",""DOCUMENTATION\n""]]"
Michal Harakal,"[[""ADDED"",""SWAGGER"",""MAVEN"",""PLUGIN"",""GENERATING"",""SWAGGER.JSON"",""FILE"",""ACCORDING"",""SWAGGER"",""ANNOTATIONS\n""]]"
stephaniep,"[[""ADD"",""PROPERTY"",""FILE"",""NEW"",""JAVALAND"",""CONFERENCE"",""ID\n""]]"
PitTorf,"[[""SCHREIBFEHLER"",""BEHOBEN\nDATAVISION"",""2017"",""HINZUGEFÜGT\n""]]"