FileType,WordsByFileType
raw,"[[""MERGE"",""REQUEST"",""15"",""DUKECON/METADATA\n\nMETADATA""],[""MERGE"",""REMOTE"",""TRACKING"",""ORIGIN/MASTER"",""DEVELOP\n""],[""MERGE"",""REQUEST"",""20"",""DUKECON/METADATA\n\nADDED"",""SPEAKER"",""REST"",""SERVICE"",""MOVED"",""ALL"",""CURRENT"",""REST"",""SERVICES"",""UNDER"",""CONFERENCE""],[""REFACTORING/RENAMING"",""TALK"",""DATA"",""PROVIDER\n""],[""MERGE"",""MASTER"",""HTTPS://GITHUB.COM/DUKECON/DUKECON"",""SERVER"",""METADATA\n""],[""SPEAKER"",""IMAGES"",""REST"",""RESOURCE\n""],[""MERGED\n""],[""MERGE"",""REMOTE"",""TRACKING"",""UPSTREAM/DEVELOP"",""DEVELOP\n\n"",""CONFLICTS:\n"",""\tPOM.XML\n""],[""READ"",""LOCAL"",""RAW"",""JSON"",""FILE"",""BY"",""DEFAULT\n""],[""MERGE"",""COMMIT"",""8C34C90A52FAACE5042DAE835142D281D4CACF07"",""DEVELOP\n""],[""CALCULATED"",""NUMBEROFFAVOURITES\n""],[""LAST"",""INPUT"",""JSON"",""FILE"",""VERSION"",""FINISHED"",""JAVALAND"",""2016"",""JFS"",""2016\n""],[""RAW"",""DATA"",""AS"",""2015"",""09"",""24"",""08H57\n""],[""MERGE"",""REQUEST"",""19"",""DUKECON/METADATA\n\nCHANGED"",""I18N"",""MESSAGE"",""KEY"",""LANGUAGE"",""STRING""],[""MERGE"",""REQUEST"",""21"",""DUKECON/METADATA\n\nADDED"",""TALK"",""LIST"",""SPEAKER""],[""ADDED"",""TEST"",""DATA\n""],[""RAW"",""DATA"",""AS"",""2015"",""09"",""24"",""08H39\n""],[""MERGE"",""REQUEST"",""16"",""DUKECON/METADATA\n\nMETADATA""],[""LATEST"",""RAW"",""DATA\n""],[""INTERMEDIATE"",""STATE"",""REFACTORING"",""MULTITENANT"",""DATA"",""PROVIDER\n""],[""BUGFIX"",""SPEAKER"",""DATA\n""],[""REFACTORING"",""META"",""DATA"",""EXTRACTION\n""],[""JAVALAND"",""SPEAKER"",""INFORMATION"",""ADDED\n""],[""MERGE"",""REQUEST"",""17"",""DUKECON/METADATA\n\nMETADATA""],[""CURRENT"",""TEST"",""DATA"",""ADDED\n""],[""REDESIGNED"",""INTERNAL"",""DATA"",""MODEL\nNEW"",""UPDATED"",""REST"",""SERVICES"",""CONFERENCE"",""METADATA"",""TALKS"",""V2"",""\n""],[""SWITCHED"",""INIT.JSON"",""REST/CONFERENCES"",""TALKPROVIDER"",""CONFIGURATION"",""DATA\n""],[""MERGE"",""DEVELOP"",""CONFERENCE"",""ADAPTER"",""MULTITENANT\n""],[""SWITCH"",""JAVALAND"",""2017\n""],[""BIG"",""REFACTORING"",""MULTITENANT"",""CONFERENCE"",""DATAPROVIDERS\n""],[""MERGE"",""REQUEST"",""18"",""DUKECON/METADATA\n\nFIXED"",""MISSING"",""TRACK"",""INFORMATION"",""TALK"",""ADDED"",""SPEAKER"",""ID""]]"
jboss,"[[""MERGE"",""DEVELOP"",""FEATURE/POSTGRES\n\nCONFLICTS:\n\tIMPL/SRC/MAIN/RESOURCES/APPLICATION.PROPERTIES\n""],[""MERGE"",""REMOTE"",""TRACKING"",""ORIGIN/MASTER"",""DEVELOP\n""],[""MERGE"",""COMMIT"",""8C34C90A52FAACE5042DAE835142D281D4CACF07"",""DEVELOP\n""],[""MERGE"",""REQUEST"",""32"",""AHUS1/AHUS1"",""GUITEST\n\nPROOF"",""CONCEPT"",""GUI"",""TESTING"",""JGIVEN"",""ARQUILLIAN""],[""PROOF"",""CONCEPT"",""GUI"",""TESTING"",""JGIVEN"",""ARQUILLIAN\n""]]"
adoc,"[["""",""ADDED"",""BASIC"",""JQA"",""RULES"",""VISUALIZING"",""SPRING"",""COMPONENTS"",""DEPENDENCIES\n""],[""MERGE"",""REMOTE"",""TRACKING"",""UPSTREAM/DEVELOP"",""DEVELOP\n\n"",""CONFLICTS:\n"",""\tPOM.XML\n""],[""MERGE"",""DEVELOP"",""CONFERENCE"",""ADAPTER"",""MULTITENANT\n""],[""MERGE"",""REMOTE"",""TRACKING"",""ORIGIN/MASTER"",""DEVELOP\n""],[""PROOF"",""CONCEPT"",""GUI"",""TESTING"",""JGIVEN"",""ARQUILLIAN\n""],[""MERGE"",""COMMIT"",""8C34C90A52FAACE5042DAE835142D281D4CACF07"",""DEVELOP\n""],[""USING"",""XVFB"",""WRAPPER"",""HEADLESS"",""TESTING\n""],[""MERGE"",""REMOTE"",""TRACKING"",""UPSTREAM/DEVELOP"",""DEVELOP\n""],[""ADDED"",""SWAGGER2MARKUP\n""],[""MOVE"",""TESTING"",""FIREFOX"",""ADDING"",""FIRST"",""KEYCLOAK"",""TEST\n""],[""MAKE"",""FIREFOX"",""GUI"",""TESTING"",""DEFAULT\n""],[""MERGE"",""DEVELOP"",""FEATURE/POSTGRES\n\nCONFLICTS:\n\tIMPL/SRC/MAIN/RESOURCES/APPLICATION.PROPERTIES\n""],[""ADD"",""GENERIC"",""ARCHITECTURE"",""DOCUMENTATION\n""],[""MERGE"",""REQUEST"",""32"",""AHUS1/AHUS1"",""GUITEST\n\nPROOF"",""CONCEPT"",""GUI"",""TESTING"",""JGIVEN"",""ARQUILLIAN""]]"
raml,"[[""FIXED"",""TYPO\n""],[""FIRST"",""DRAFT"",""META"",""API\n""],[""MERGE"",""MASTER"",""HTTPS://GITHUB.COM/JUGDA/DUKECON"",""SERVER\n""],[""MOVED"",""RAML"",""FILES"",""MAVEN"",""RESOURCES"",""FOLDER\n""],[""REMOVE"",""IMPLEMENTATION"",""DETAILS"",""SCHEMA"",""ADD"",""SCHEMA"",""SECTION"",""RAML"",""BETTER"",""CLASS"",""NAMING"",""WHILE"",""GENERATING"",""SOURCES\n""],[""REMOVED"",""NOW"",""UNUSED"",""RAML"",""JSON"",""SCHEMA"",""FILES\n""],[""FIRST"",""DRAFT"",""TALKS"",""API\n""],[""MERGE"",""MASTER"",""APIASMVN\n""]]"
png,"[[""MERGE"",""REMOTE"",""TRACKING"",""UPSTREAM/DEVELOP"",""DEVELOP\n\n"",""CONFLICTS:\n"",""\tPOM.XML\n""],["""",""UPDATED"",""LANGUAGE"",""CONTAIN"",""WHAT"",""WAS"",""ID"",""PREVIOUSLY"",""NEW"",""FIELD"",""CODE"",""USE"",""NUMERIC"",""ID"",""NOW"",""ON.\n"",""UPDATED"",""RESOURCESERVICE"",""STRUCTURE"",""IMAGE"",""RESOURCES"",""DIFFERENTLY"",""SO"",""S"",""POSSIBLE"",""USE"",""DIFFERENT"",""IMAGES"",""EACH"",""CONFERENCE.\n""],["""",""UPDATED"",""DIRECTORIES"",""EXTERNAL"",""IDS"",""ADDED"",""IMAGE"",""RESOURCES"",""JAVALAND"",""2017\n""],["""",""MADE"",""RESOURCESERVICE"",""RETURN"",""MAP"",""CONFERENCE"",""LOGOS\n"",""ADDED"",""CONFERENCE"",""LOGO"",""RESOURCE"",""MAP"",""CONFERENCE\n""],[""MERGE"",""FEATURE/BLAZEDS"",""SERVER"",""DEVELOP\n""],["""",""IMPLEMENTED"",""FLEX"",""RESOURCESERVICE"",""THAT"",""LOADS"",""CACHES"",""IMAGE"",""RESOURCES"",""LOCATION"",""LANGUAGES"",""STREAMS\n"",""IMPLEMENTED"",""WORKING"",""JAVA"",""RESOURCESERVICE"",""WHICH"",""PROVIDES"",""IMAGE"",""RESOURCES"",""BY"",""SCANNING"",""WAR"",""CONTENT\n"",""ADDED"",""IMAGE"",""RESOURCES"",""STREAMS"",""LANGUAGES.\n\nTHE"",""SERVER"",""SIDE"",""INTERMEDIATE"",""SOLUTION"",""UNTIL"",""GENERIC"",""WAY"",""HANDLE"",""PERSISTENCE"",""IMAGE"",""DATA"",""STORED"",""DB"",""WHATSOEVER"",""\n""]]"
svg,"[[""MERGE"",""DEVELOP"",""CONFERENCE"",""ADAPTER"",""MULTITENANT\n""],[""MERGE"",""REMOTE"",""TRACKING"",""UPSTREAM/DEVELOP"",""DEVELOP\n\n"",""CONFLICTS:\n"",""\tPOM.XML\n""],[""ADD"",""GENERIC"",""ARCHITECTURE"",""DOCUMENTATION\n""]]"
xml,"[[""MERGE"",""DEVELOP"",""FEATURE/POSTGRES\n\nCONFLICTS:\n\tIMPL/SRC/MAIN/RESOURCES/APPLICATION.PROPERTIES\n""],[""REMOVED"",""OUTDATED"",""DEPENDENCY"",""API\n""],[""UPDATED"",""DEPS"",""RECENT"",""VERSIONS\n""],[""FIXED"",""DEPENDENCY"",""WARNINGS\n""],[""MERGE"",""REQUEST"",""19"",""DUKECON/METADATA\n\nCHANGED"",""I18N"",""MESSAGE"",""KEY"",""LANGUAGE"",""STRING""],[""ADDED"",""SECURITY"",""SETTING"",""MAKE"",""SUREFIRE"",""FASTER\n""],[""REMOVE"",""MAVEN"",""REDUNDANCIES\n""],[""FIXED"",""BUILD"",""ERRORS"",""REPORTED"",""BY"",""DEPENDECY"",""CHECKER"",""PLUGIN\n""],[""ADDED"",""VERSIONEYE\n""],[""MERGE"",""REMOTE"",""TRACKING"",""ORIGIN/MASTER"",""DEVELOP\n""],[""ADDED"",""SERVER"",""VERSION.TXT"",""GIT"",""DATA\n""],[""ADDED"",""TWITTER"",""HANDLES\n""],[""FIX"",""LOGGING"",""CF"",""SPRING"",""PROJECTS/SPRING"",""BOOT"",""4489"",""\n\n"",""DO"",""NOT"",""LOAD"",""BASE"",""CONFIGURATION"",""BUT"",""ONLY"",""DEFAULTS\n"",""LOAD"",""LOCAL"",""LOGGING"",""PROPERTIES"",""FIRST\n""],[""MERGE"",""REQUEST"",""16"",""DUKECON/METADATA\n\nMETADATA""],[""MOVE"",""TESTING"",""FIREFOX"",""ADDING"",""FIRST"",""KEYCLOAK"",""TEST\n""],[""ADDED"",""SPOCK"",""DEPENDENCY"",""FIRST"",""SPOCK"",""INTEGRATION"",""TEST\n""],[""MERGE"",""DEVELOP"",""FEATURE/MODULARIZE\n""],[""PUBLISH"",""SITE"",""GROUP/ARTIFACT"",""SUB"",""DIRECTORY\n""],[""MERGE"",""COMMIT"",""8C34C90A52FAACE5042DAE835142D281D4CACF07"",""DEVELOP\n""],[""USING"",""MULTI"",""MODULE"",""MAVEN"",""RELEASE"",""PLUGIN"",""AKA"",""RELEASER"",""PLUGIN"",""\n""],[""SET"",""MAVEN"",""RELEASE"",""PLUGIN"",""VERSION\n""],[""H2"",""DATABASE"",""WEB"",""CONSOLE"",""INTEGRATED\n""],[""MERGE"",""REMOTE"",""TRACKING"",""UPSTREAM/DEVELOP"",""DEVELOP\n\n"",""CONFLICTS:\n"",""\tPOM.XML\n""],[""MERGE"",""MASTER"",""APIASMVN\n""],[""FIXED"",""HTML5"",""CLIENT"",""OVERLAY"",""NOT"",""WORKING"",""PROBLEMS"",""ACTUALLY"",""SPRING"",""BOOT"",""WEB"",""DEPENDENCIES"",""WAS"",""MISSED"",""SO"",""NO"",""STATIC"",""FILES"",""COULD"",""BE"",""SERVED"",""PUBLIC"",""DIRECTORY\n""],[""MAKE"",""FIREFOX"",""GUI"",""TESTING"",""DEFAULT\n""],[""MERGE"",""REMOTE"",""TRACKING"",""UPSTREAM/DEVELOP"",""DEVELOP\n""],[""ADDED"",""EXTERNAL"",""CONFERENCE"",""CONFIGURATION\n""],["""",""MAJOR"",""REFACTORING\n""],[""INITIAL"",""SPRING"",""BOOT"",""SETUP\n""],[""MOVED"",""IMPLEMENTATION"",""MODULE"",""SUB"",""FOLDER\n""],[""FIX:"",""RESTORED"",""MISSING"",""OVERLAY"",""WAR\n""],["""",""ADDED"",""FIRST"",""VERSION"",""RESOURCESERVICE"",""WHICH"",""WILL"",""RETURN"",""IMAGE"",""RESOURCES"",""NEEDED"",""BY"",""FLEX"",""CLIENT.\n"",""CHANGED"",""BUILD"",""CONFIG"",""USE"",""WAR"",""OVERLAYS"",""INSTEAD"",""DEPENDENCY"",""PLUGIN"",""EMBEDDING"",""HTML"",""CLIENT\n"",""ADDED"",""FAILSAFE"",""CONFIGRUATION"",""RUN"",""INTEGRATION"",""TEST"",""PHASE"",""MOVED"",""GUI"",""TESTS"",""BEING"",""INTEGRATION"",""TESTS"",""BY"",""RENAMING"",""THEM"",""XYZTEST"",""XYZIT\n""],["""",""IMPLEMENTED"",""FLEX"",""RESOURCESERVICE"",""THAT"",""LOADS"",""CACHES"",""IMAGE"",""RESOURCES"",""LOCATION"",""LANGUAGES"",""STREAMS\n"",""IMPLEMENTED"",""WORKING"",""JAVA"",""RESOURCESERVICE"",""WHICH"",""PROVIDES"",""IMAGE"",""RESOURCES"",""BY"",""SCANNING"",""WAR"",""CONTENT\n"",""ADDED"",""IMAGE"",""RESOURCES"",""STREAMS"",""LANGUAGES.\n\nTHE"",""SERVER"",""SIDE"",""INTERMEDIATE"",""SOLUTION"",""UNTIL"",""GENERIC"",""WAY"",""HANDLE"",""PERSISTENCE"",""IMAGE"",""DATA"",""STORED"",""DB"",""WHATSOEVER"",""\n""],[""FIX:"",""MAKE"",""MULTI"",""VERSION"",""MAVEN"",""RELEASE"",""PLUGIN"",""HAPPY:"",""CANNOT"",""HANDLE"",""PROPERTIES"",""CORRECTLY"",""\n""],[""MERGE"",""MASTER"",""HTTPS://GITHUB.COM/JUGDA/DUKECON"",""SERVER\n""],[""REMOVED"",""SNAPSHOT"",""UND"",""MILESTONE"",""MVN"",""REPO\n""],[""MERGE"",""REQUEST"",""21"",""DUKECON/METADATA\n\nADDED"",""TALK"",""LIST"",""SPEAKER""],[""SWITCHED"",""BACK"",""OLDER"",""VERSION"",""JACKSON"",""JAXRS"",""JSON"",""PROVIDER\n\nCF"",""HTTPS://GITHUB.COM/FASTERXML/JACKSON"",""JAXRS"",""PROVIDERS/ISSUES/74\n""],[""SET"",""CORRECT"",""SCOPE"",""LOMBOK\n""],[""ADD"",""SWAGGER"",""GENERATION"",""BUILD"",""SO"",""CAN"",""GENERATE"",""SWAGGER"",""DOC"",""WITHOUT"",""HAVING"",""SWAGGER"",""ANNOTATIONS"",""CODE"",""\n""],[""MOVED"",""MODEL"",""CLASSES"",""API"",""PACKAGE"",""INTRODUCE"",""PARENT"",""POM"",""STRUCTURE"",""GENERATE"",""SWAGGER.JSON"",""FILE"",""API"",""MODULE"",""TARGET"",""FOLDER\n""],[""USE"",""LATEST"",""JQASSISTANT\n""],[""INTRODUCED"",""MAVEN"",""DEPENDENCY"",""ANALYSIS"",""ADDED/SCOPE"",""CLEANED"",""LOT"",""DEPS\n""],[""[MAVEN"",""RELEASE"",""PLUGIN]"",""PREPARE"",""RELEASE/1.1\n""],[""REMOVED"",""DEPENDENCY"",""API"",""PROJECT"",""USING"",""OWN"",""MODEL"",""SERVICE"",""CLASSES\nTHIS"",""C"",""LEAN\n""],[""ADD"",""GENERIC"",""ARCHITECTURE"",""DOCUMENTATION\n""],[""MERGE"",""RELEASE/1.1"",""DEVELOP\n""],["""",""DEACTIVATED"",""VERSIONEYE"",""MAVEN"",""PLUGIN"",""NOW"",""AS"",""SEEM"",""BE"",""ISSUES"",""PLUGIN\n""],[""TRIED"",""FIX"",""SELENIUM"",""FIREFOX"",""DRIVER"",""PROBLEMS\n""],[""MERGE"",""FIX"",""GUI"",""TALKCELL"",""DEVELOP\n""],[""MERGE"",""REQUEST"",""32"",""AHUS1/AHUS1"",""GUITEST\n\nPROOF"",""CONCEPT"",""GUI"",""TESTING"",""JGIVEN"",""ARQUILLIAN""],[""CALCULATING"",""PARTITION"",""EVENTS"",""CLOCK"",""SLICES"",""SERVER"",""SIDE"",""EVENT"",""SLICES"",""SLICEDEVENTS"",""AS"",""REST"",""SERVICE\n""],[""FIXED"",""MERGE"",""CONFLICTS\n""],[""MERGE"",""DEVELOP"",""HTTPS://GITHUB.COM/DUKECON/DUKECON"",""SERVER"",""DEVELOP\n""],[""EXPLICIT"",""GROOVY"",""SPOCK"",""VERSIONS"",""MAKE"",""TESTS"",""RUN"",""IGNORE"",""\n""],[""MERGE"",""REQUEST"",""17"",""DUKECON/METADATA\n\nMETADATA""],[""INTRODUCED"",""MASTER"",""POM"",""MADE"",""SMALL"",""CHANGES"",""\n""],[""PLAYED"",""AROUND"",""GROOY"",""CODE"",""QUALITY"",""MEASUREMENT\n""],[""MERGE"",""MASTER"",""HTTPS://GITHUB.COM/JUGDA/DUKECON"",""SERVER\n\n"",""BY"",""FALK"",""SIPPACH\n"",""VIA"",""FALK"",""SIPPACH\n*"",""MASTER"",""HTTPS://GITHUB.COM/JUGDA/DUKECON"",""SERVER:\n"",""POM.XML"",""TIDIED"",""UP"",""INTELLIJ"",""IDEA"",""PROBLEM"",""SPRING"",""BOOT"",""TOMCAT"",""FIXED\n""],[""BUGFIX"",""TALKS"",""WITHOUT"",""SPEAKER\nCONFERENCE"",""METADATA"",""CROSSLINKED\nNEW"",""TESTDATA"",""COMMUNITY"",""EVENTS\n""],[""MERGE"",""REQUEST"",""23"",""DUKECON/METADATA\n\nBUGFIX"",""TALKS"",""WITHOUT"",""SPEAKER"",""CONFERENCE"",""METADATA"",""CROSSLINKED"",""NEW"",""TESTDATA"",""COMMUNITY"",""EVENTS""],[""STARTED"",""DEVELOPMENT"",""NEXT"",""VERSION\n""],[""UPDATE"",""LATEST"",""SELENIUM"",""DRIVER"",""HOPING"",""MAKE"",""BUILD"",""PROBLEMS"",""DISAPPEAR\n""],[""UPDATED"",""JAXRS"",""ANALYZER"",""PLUGIN\n""],[""ADD"",""CREATED"",""MODEL"",""BE"",""ABLE"",""GET"",""RID"",""GENERATED"",""STUFF"",""\n""],[""CLEANED"",""UP"",""VERSIONS\n""],[""MERGE"",""DEVELOP"",""CONFERENCE"",""ADAPTER"",""MULTITENANT\n""],[""STARTING"",""RELEASE"",""1.3\n""],[""FIX:"",""REPLACE"",""PLACEHOLDER"",""BY"",""CONCRETE"",""VALUE"",""SNAPSHOT"",""DEPENDENCY"",""RELEASER"",""CONFIGURATION"",""SUBMOD"",""ALSO"",""\n""],[""[MAVEN"",""RELEASE"",""PLUGIN]"",""PREPARE"",""NEXT"",""DEVELOPMENT"",""ITERATION\n""],[""MERGE"",""FIX"",""GUITEST"",""COOKIEPOPUP"",""DEVELOP\n""],[""ADDED"",""API"",""MAVEN"",""BUILD"",""MOVED"",""SPRINGBOOT"",""IMPL\n""],[""CLEAN"",""LOCAL"",""MERGE"",""PROBLEM:"",""PURGE"",""OUTDATED"",""SELENIUM"",""DEPS\n""],[""MERGE"",""REQUEST"",""20"",""DUKECON/METADATA\n\nADDED"",""SPEAKER"",""REST"",""SERVICE"",""MOVED"",""ALL"",""CURRENT"",""REST"",""SERVICES"",""UNDER"",""CONFERENCE""],[""ADDED"",""LOGGING"",""...\n""],[""UPDATE"",""FIREFOX"",""DRIVER"",""2.53.1"",""CLEAN"",""PHANTOMJS"",""SELENIUM"",""TESTS"",""CLOSES"",""42\n""],[""MERGE"",""FEATURE/BLAZEDS"",""SERVER"",""DEVELOP\n""],["""",""ADDED"",""CRUDSERVICE"",""INTERFACHE\n"",""ADDED"",""INITIAL"",""CONFERENCESERVICE"",""INTERFACE\n"",""ADDED"",""INITIAL"",""CONFERENCESERVICEIMPL\n"",""ADDED"",""INITIAL"",""SUPPORT"",""BLAZEDS\n""],[""UPGRADE"",""SPRING"",""BOOT"",""1.3.4\n""],[""SORTED"",""DEPENDENCIES\n""],[""FIXED"",""UNDECLARED"",""MAVEN"",""DEPENDENCY\n""],[""ADDED/FIXED"",""SITE"",""REPORTING\n\n"",""AVOID"",""WARNINGS"",""MISSING"",""DEPENDENCY"",""LOCATIONS\n"",""ADD"",""GITLOG"",""CHANGES\n""],[""PROOF"",""CONCEPT"",""GUI"",""TESTING"",""JGIVEN"",""ARQUILLIAN\n""],[""NEXT"",""FIX"",""DEPENDENCY"",""PROBLEMS\n""],["""",""GET"",""UNIT"",""TESTS"",""WORKING"",""BLYZEDS\n""],[""BUGFIX:"",""WANTED"",""GENERATE"",""JAX"",""RS"",""2.0\n""],[""UPDATED"",""DENDENCIES"",""NEWER"",""VERSIONS\n""],["""",""UPDATED"",""VERSIONEYE"",""PLUGIN"",""3.10.2"",""HOPEFULLY"",""GET"",""RID"",""ERRORS"",""JENKINS"",""BUILD\n"",""JAVAX.NET.SSL.SSLEXCEPTION:"",""CERTIFICATE"",""<WWW.VERSIONEYE.COM>"",""DOESN"",""T"",""MATCH"",""ANY"",""SUBJECT"",""ALTERNATIVE"",""NAMES:"",""[SENGAA.VERSIONEYE.COM]"",""\n""],[""ADDING"",""HYSTRIX"",""AS"",""CIRCUIT"",""BREAKER"",""WHEN"",""CALLING"",""DOAG"",""STORING"",""LATEST"",""SUCCESSFUL"",""RESPONSE"",""DISK"",""CLEANUP"",""TALKOLD.\n""],[""MERGED\n""],[""MERGE"",""SELENIUM"",""TESTS"",""FAIL"",""WITH"",""NEW"",""FIREFOX"",""DEVELOP\n""],[""MOVED"",""ALMOST"",""ALL"",""VERSIONS"",""PROPERTIES\n""],[""MERGE"",""REQUEST"",""18"",""DUKECON/METADATA\n\nFIXED"",""MISSING"",""TRACK"",""INFORMATION"",""TALK"",""ADDED"",""SPEAKER"",""ID""],[""ADDED"",""HTML5"",""OVERLAY"",""CALL"",""REST"",""SERVICE\n""],[""MAKE"",""TESTS"",""RUN"",""SPOCK\n""],[""DAV"",""SITE"",""DEPLOYMENT"",""ALSO"",""NEEDS"",""WAGON"",""EXTENSION\n""],[""MERGE"",""MASTER"",""HTTPS://GITHUB.COM/JUGDA/DUKECON"",""SERVER\n\n"",""BY"",""CHRISTOFER"",""DUTZ\n"",""VIA"",""CHRISTOFER"",""DUTZ\n*"",""MASTER"",""HTTPS://GITHUB.COM/JUGDA/DUKECON"",""SERVER:\n"",""ADDED"",""CONFIG"",""NEEDED"",""EMBED"",""FLEX"",""CLIENT"",""WAR"",""COMMENTED"",""\n""],[""SWITCHED"",""LATEST"",""SPRING"",""BOOT\n""],[""PUBLISH"",""SITE"",""SPECIFIC"",""VERSION\n""],[""ADDED"",""LICENSE"",""POM\n""],[""UPDATE"",""SPRING"",""BOOT"",""1.3.0"",""FINAL\n""],[""POM.XML"",""TIDIED"",""UP"",""INTELLIJ"",""IDEA"",""PROBLEM"",""SPRING"",""BOOT"",""TOMCAT"",""FIXED\n""],[""NEXUS"",""NOW"",""AVAILABLE"",""REGULAR"",""HTTP"",""PORT\n""],[""MERGE"",""REQUEST"",""24"",""DUKECON/METADATA\n\nJAX"",""RS"",""ANALYZER"",""PLUGIN"",""COMMENTED"",""OUT""],["""",""SWITCHED"",""TRACE"",""LOGGING"",""FLEX"",""LOGGING"",""FRAMEWORK.\n""],["""",""COMMENTED"",""PROPERTY"",""ACTIVEMQ.VERSION"",""AS"",""THIS"",""SEEMS"",""CAUSED"",""PROBLEMS"",""DEPENDENCY"",""CONVERGENCE"",""REPORT.\n""],[""MAKE"",""VERSIONEYE"",""HAPPY\n""],[""FIXED"",""SWAGGER"",""APISOURCE"",""INDENTATIONS"",""POM\n""],[""ADDED"",""SUREFIRE"",""REPORTS\n""],[""IGNORE"",""DEPENDENCY"",""MANAGEMENT"",""DURING"",""VERSIONEYE"",""UPDATE\n""],[""MERGE"",""DEVELOP"",""FEATURE/TWITTER\n""],["""",""REMOVED"",""DUPLICATE"",""OVERLAY\n""],[""MOVED"",""LOT"",""STUFF"",""PLUGIN"",""DEPENDENCYMANAGEMENT"",""REACTOR\n""],[""UPDATED"",""KEYCLOAK"",""VERSION"",""MATCHING"",""SERVER\n""],[""MERGE"",""REQUEST"",""15"",""DUKECON/METADATA\n\nMETADATA""],[""MERGE"",""MASTER"",""HTTPS://GITHUB.COM/JUGDA/DUKECON"",""SERVER\n\nCONFLICTS:\n\tIMPL/SRC/TEST/JAVA/ORG/DUKECON/INTEGRATION/DUKECONSERVERAPPLICATIONSPEC.GROOVY\n""],[""DROPPED"",""METRICS"",""LOGGER\n""],[""ADDED"",""HEALTH"",""CHECK"",""SPRING"",""BOOT"",""STYLE\n""],[""UPDATE"",""JACKSON"",""PROPERTY"",""NAME"",""PROVIDE"",""COMPATIBILITY"",""HINT\n""],["""",""TRIED"",""GET"",""RID"",""NASTY"",""WARNINGS"",""BUILD.\n""],["""",""REMOVED"",""BI"",""DIRECTIONAL"",""PROPERTIES\n"",""MOVED"",""METADATA"",""PROPERTIES"",""BACK"",""CONFERENCE\n"",""FINE"",""TUNED"",""MODEL"",""CLASSES\n"",""FINE"",""TUNED"",""SERIALIZATION"",""SERIALIZE"",""JAVA"",""LOCALDATETIME"",""OBJECTS"",""AS"",""ACTIONSCRIPT"",""DATE"",""OBJECTS\n""],[""UNNECESSARY"",""DEPENDENCIES"",""COMMENTED"",""NOW\n""],[""FIXED"",""MAVEN"",""DEPENDENCIES\n""],[""MERGE"",""REQUEST"",""34"",""AHUS1/DEVELOP\n\nADDED"",""HEALTH"",""CHECK"",""SPRING"",""BOOT"",""STYLE""],[""A"",""FIRST"",""I.E"",""HARD"",""CODED"",""IMPLEMENTATION"",""/META\n""],[""ADDED"",""SWAGGER"",""MAVEN"",""PLUGIN"",""GENERATING"",""SWAGGER.JSON"",""FILE"",""ACCORDING"",""SWAGGER"",""ANNOTATIONS\n""],[""UPDATED"",""SPRING"",""BOOT"",""1.3.0"",""RC1\n""],[""CALCULATED"",""NUMBEROFFAVOURITES\n""],[""DIVIDE"",""SPOCK"",""UNIT"",""INTEGRATION"",""TESTS\nADDED"",""SPOCK"",""UNIT"",""TEST\n""],[""FIX:"",""SITE"",""URLS"",""ARE"",""DIFFERENT"",""THEY"",""NEED"",""PROTOCOL"",""EXTENSIONS"",""GRRR"",""\n""],[""DROPPED"",""OUTDATED"",""FLEX"",""SPECIFIC"",""PLUGIN\n""],[""ADDED"",""USER"",""PREFERENCES"",""PERSISTENCE"",""...\n""],[""FIX"",""MAVEN"",""TARGET"",""DIRECTORY"",""NAMES"",""VS"",""PROPERTIES\n""],[""MAKE"",""M2"",""ECLIPSE"",""HAPPY\n""],["""",""INCREASED"",""BLAZEDS"",""SECURITY"",""SETTINGS"",""BY"",""WHITELISTING"",""CLASSES"",""AVAILABLE"",""DESERIALIZATION\n""],[""SOME"",""DEPENDENCY"",""UPDATES\n""],[""JAX"",""RS"",""ANALYZER"",""PLUGIN"",""COMMENTED"",""OUT\n""],[""FIX:"",""REPLACE"",""PLACEHOLDER"",""BY"",""CONCRETE"",""VALUE"",""SNAPSHOT"",""DEPENDENCY"",""RELEASER"",""CONFIGURATION"",""\n""],[""USE"",""LATEST"",""VERSION"",""ARQUILLIAN\n""],[""SWITCHED"",""JETTY"",""DUE"",""STRANGE"",""STARTUP"",""TIMING"",""PROBLEMS\n""],[""ADDED"",""SWAGGER2MARKUP\n""],[""MAVENIZED"",""API\n""],[""AVOID"",""MAVEN"",""ENCODING"",""WARNING\n""],[""BIG"",""REFACTORING"",""MULTITENANT"",""CONFERENCE"",""DATAPROVIDERS\n""],[""FIX:"",""ONE"",""S"",""OUTPUT"",""OTHER"",""S"",""INPUT\n""],[""USE"",""VERSION"",""1.2.0"",""SNAPSHOT"",""HTML5"",""CLIENT\n""],["""",""RE"",""INSERTED"",""PROPERTY"",""ARQUILLIAN"",""PHANTOM"",""BINARY\n""],[""ADDED"",""SITE"",""REPOSITORY\n""],[""MIGRATED"",""JQA"",""1.3.0\nADDED"",""JQA"",""GIT"",""PLUGIN\n""],[""UPDATED"",""GROOVY"",""LATEST"",""VERSION\n""],[""FIXED"",""DOC"",""GENERATION.\n"",""SWAGGER"",""GENERATES"",""CODE"",""BASED"",""COMPILED"",""CLASSES"",""THEREFORE"",""NEED"",""EXECUTE"",""AFTER"",""COMPILE.\n""],["""",""ADDED"",""ABILITY"",""READ"",""STYLE"",""INFORMATION"",""GIVEN"",""CONFERENCE"",""CONFERENCESERVICE\n"",""EXTENDED"",""CONFERENCE"",""REST"",""CONTROLLER"",""GENERATE"",""STYLES.CSS"",""RESOURCES"",""FLY\n""],[""ADDED"",""CONFIG"",""NEEDED"",""EMBED"",""FLEX"",""CLIENT"",""WAR"",""COMMENTED"",""\n""],[""MERGE"",""REQUEST"",""35"",""AHUS1/PERSISTENT"",""CACHE\n\nADDING"",""HYSTRIX"",""AS"",""CIRCUIT"",""BREAKER"",""WHEN"",""CALLING"",""DOAG""],[""FURTHER"",""SITE"",""EXTENSIONS\n""],[""REFACTORING"",""RAW"",""DATA"",""RESOURCE"",""MANAGEMENT\n""],[""UPGRADED"",""JQA"",""GIT"",""PLUGIN"",""1.2.0\n""],[""MAKE"",""VERSIONEYE"",""HAPPY"",""\n""],[""MERGE"",""MASTER"",""HTTPS://GITHUB.COM/JUGDA/DUKECON"",""SERVER\n\n"",""BY"",""GERD"",""ASCHEMANN\n"",""VIA"",""GERD"",""ASCHEMANN\n*"",""MASTER"",""HTTPS://GITHUB.COM/JUGDA/DUKECON"",""SERVER:\n"",""UPDATE"",""README.MD\n"",""ADDED"",""VERSIONEYE"",""DEPENDENCY"",""STATUS\n"",""MAKE"",""VERSIONEYE"",""HAPPY\n""],[""ADDED"",""DUKECON"",""NEXUS\n""],[""USE"",""ALL"",""GROOVY"",""BECAUSE"",""JSON"",""\n""],[""ENSURE"",""LATEST/CONSITENT"",""SELENIUM"",""VERSIONS"",""ARE"",""USED"",""...\n\n.."",""SELENIUM"",""BOM"",""IMPORT"",""MUST"",""OCCUR"",""BEFORE"",""ARQUILLIAN"",""\n""],[""FIX:"",""REPLACE"",""PLACEHOLDER"",""BY"",""CONCRETE"",""VALUE"",""SNAPSHOT"",""DEPENDENCY\n""],["""",""COMMENTED"",""VERSIONEYE"",""PLUGIN"",""DEFINITION\n""],[""SMALL"",""CHANGES"",""SWAGGER"",""GENERATOR\n""],[""JAX"",""RS"",""ANALYZER"",""MAVEN"",""PLUGIN"",""ACTIVATED"",""AGAIN"",""UPDATED\n""],[""USING"",""XVFB"",""WRAPPER"",""HEADLESS"",""TESTING\n""],[""ADDED"",""DEVELOPERS"",""SITE"",""GENERATE\n""],["""",""ADDED"",""JQA"",""GRAPHML"",""REPORT"",""CONFIG"",""POM.XML\n""],[""FIXED"",""JAX"",""RS"",""CODEGEN"",""ISSUE\n\n"",""OLD"",""CONFIG"",""PARAM"",""SEEMS"",""BE"",""DEPRECATED"",""WITHOUT"",""WARNING"",""\n"",""REMOVED"",""COMMENTS\n""],[""SWITCHED"",""SPRING"",""BOOT"",""1.2.5.RELEASE\n""],[""FIX"",""MAVEN"",""BUILD"",""FAILURE"",""MISSING"",""SPRING"",""BOOT"",""MAVEN"",""PLUGIN\n""],[""ADDED"",""KEYCLOAK"",""AS"",""AUTH"",""PROVIDER"",""NEW"",""/REST/PREFERENCES"",""\n""]]"
raw_community,"[[""MERGE"",""COMMIT"",""8C34C90A52FAACE5042DAE835142D281D4CACF07"",""DEVELOP\n""],[""MERGE"",""REQUEST"",""23"",""DUKECON/METADATA\n\nBUGFIX"",""TALKS"",""WITHOUT"",""SPEAKER"",""CONFERENCE"",""METADATA"",""CROSSLINKED"",""NEW"",""TESTDATA"",""COMMUNITY"",""EVENTS""],[""BUGFIX"",""TALKS"",""WITHOUT"",""SPEAKER\nCONFERENCE"",""METADATA"",""CROSSLINKED\nNEW"",""TESTDATA"",""COMMUNITY"",""EVENTS\n""],[""MERGE"",""REMOTE"",""TRACKING"",""ORIGIN/MASTER"",""DEVELOP\n""],[""MERGED\n""]]"
travis,"[[""CACHE"",""MAVEN"",""DIRECTORY"",""SPEED"",""UP"",""BUILD\n""],[""MERGE"",""MASTER"",""APIASMVN\n""],[""MERGE"",""DEVELOP"",""FEATURE/MODULARIZE\n""],[""MAKE"",""FIREFOX"",""GUI"",""TESTING"",""DEFAULT\n""],[""MERGE"",""DEVELOP"",""FEATURE/POSTGRES\n\nCONFLICTS:\n\tIMPL/SRC/MAIN/RESOURCES/APPLICATION.PROPERTIES\n""],[""MERGE"",""REMOTE"",""TRACKING"",""UPSTREAM/DEVELOP"",""DEVELOP\n\n"",""CONFLICTS:\n"",""\tPOM.XML\n""],[""MERGE"",""REQUEST"",""35"",""AHUS1/PERSISTENT"",""CACHE\n\nADDING"",""HYSTRIX"",""AS"",""CIRCUIT"",""BREAKER"",""WHEN"",""CALLING"",""DOAG""],[""MERGE"",""REMOTE"",""TRACKING"",""ORIGIN/MASTER"",""DEVELOP\n""],[""INITIAL"",""BASIC"",""TRAVIS"",""FILE\n""],[""MERGE"",""REMOTE"",""TRACKING"",""UPSTREAM/DEVELOP"",""DEVELOP\n""],[""MERGE"",""REQUEST"",""31"",""AHUS1/AHUS1"",""SPEEDUPBUILD\n\nCACHE"",""MAVEN"",""DIRECTORY"",""SPEED"",""UP"",""BUILD""],[""FIX"",""TRAVIS"",""CI\n""],[""FORCE"",""LATEST"",""DEPENDENCIES"",""TRAVIS"",""OTHERWISE"",""HTML5"",""CLIENT"",""WILL"",""ONLY"",""BE"",""DOWNLOADED"",""ONCE"",""DAY"",""\n""],[""MOVE"",""TESTING"",""FIREFOX"",""ADDING"",""FIRST"",""KEYCLOAK"",""TEST\n""],[""MERGE"",""COMMIT"",""8C34C90A52FAACE5042DAE835142D281D4CACF07"",""DEVELOP\n""],[""REGEX"",""NEEDS"",""END"",""MARK"",""\n""],[""AVOID"",""BUILDING"",""GIT"",""TAGS"",""TRAVIS\n""],[""MAYBE"",""TRAVIS"",""DOES"",""NOT"",""SPEAK"",""NEWEST"",""DIALECT"",""REGULAR"",""EXPRESSIONS"",""\n""]]"
puml,"[[""MERGE"",""REMOTE"",""TRACKING"",""UPSTREAM/DEVELOP"",""DEVELOP\n\n"",""CONFLICTS:\n"",""\tPOM.XML\n""],[""RENAMED"",""FORMES"",""DOAG"",""\n""],[""ADD"",""GENERIC"",""ARCHITECTURE"",""DOCUMENTATION\n""],[""MERGE"",""DEVELOP"",""CONFERENCE"",""ADAPTER"",""MULTITENANT\n""]]"
bat,"[[""MERGE"",""DEVELOP"",""FEATURE/POSTGRES\n\nCONFLICTS:\n\tIMPL/SRC/MAIN/RESOURCES/APPLICATION.PROPERTIES\n""],[""MERGE"",""REQUEST"",""32"",""AHUS1/AHUS1"",""GUITEST\n\nPROOF"",""CONCEPT"",""GUI"",""TESTING"",""JGIVEN"",""ARQUILLIAN""],[""MERGE"",""REMOTE"",""TRACKING"",""ORIGIN/MASTER"",""DEVELOP\n""],[""PROOF"",""CONCEPT"",""GUI"",""TESTING"",""JGIVEN"",""ARQUILLIAN\n""],[""MERGE"",""COMMIT"",""8C34C90A52FAACE5042DAE835142D281D4CACF07"",""DEVELOP\n""]]"
groovy,"[[""FINISHED"",""HERBSTCAMPUS"",""DATA"",""MAPPING\n""],[""MERGE"",""REQUEST"",""35"",""AHUS1/PERSISTENT"",""CACHE\n\nADDING"",""HYSTRIX"",""AS"",""CIRCUIT"",""BREAKER"",""WHEN"",""CALLING"",""DOAG""],[""TESTS"",""TIDIED"",""UP\n""],[""MERGE"",""REQUEST"",""10"",""DUKECON/TALKCACHEINVALIDIERUNG\n\nTALK"",""CACHE"",""INVALIDIERUNG""],[""MERGE"",""REQUEST"",""34"",""AHUS1/DEVELOP\n\nADDED"",""HEALTH"",""CHECK"",""SPRING"",""BOOT"",""STYLE""],[""ADDED"",""FULLYBOOKED"",""NUMBEROFFAVORITES"",""LOCATIONCAPACITY"",""MODEL\n""],[""MERGE"",""REQUEST"",""26"",""DUKECON/METADATA\n\nRENAMED"",""ROOM"",""LOCATION""],[""ADDED"",""FIRST"",""LASTNAME"",""CLEANED"",""UP"",""TWITTER"",""HANDLES\n""],[""ADDED"",""TEST"",""DATA\n""],[""MERGE"",""REMOTE"",""TRACKING"",""UPSTREAM/DEVELOP"",""DEVELOP\n\n"",""CONFLICTS:\n"",""\tPOM.XML\n""],[""BIG"",""REFACTORING"",""MULTITENANT"",""CONFERENCE"",""DATAPROVIDERS\n""],[""MERGE"",""REQUEST"",""16"",""DUKECON/METADATA\n\nMETADATA""],[""MERGE"",""MASTER"",""HTTPS://GITHUB.COM/DUKECON/DUKECON"",""SERVER\n""],["""",""UPDATED"",""LANGUAGE"",""CONTAIN"",""WHAT"",""WAS"",""ID"",""PREVIOUSLY"",""NEW"",""FIELD"",""CODE"",""USE"",""NUMERIC"",""ID"",""NOW"",""ON.\n"",""UPDATED"",""RESOURCESERVICE"",""STRUCTURE"",""IMAGE"",""RESOURCES"",""DIFFERENTLY"",""SO"",""S"",""POSSIBLE"",""USE"",""DIFFERENT"",""IMAGES"",""EACH"",""CONFERENCE.\n""],[""ADDED"",""INIT"",""RESOURCE"",""RETRIEVING"",""CONFERENCE"",""ID"",""CONFERENCE"",""NAME"",""YEAR\n""],[""MERGE"",""REQUEST"",""15"",""DUKECON/METADATA\n\nMETADATA""],[""MERGE"",""REMOTE"",""TRACKING"",""ORIGIN/DEVELOP"",""DEVELOP\n""],[""INTERMEDIATE"",""STATE"",""REFACTORING"",""MULTITENANT"",""DATA"",""PROVIDER\n""],[""MERGE"",""COMMIT"",""8C34C90A52FAACE5042DAE835142D281D4CACF07"",""DEVELOP\n""],["""",""REFACTORED"",""PUT"",""DELETE"",""METHOD"",""ADDING"",""REMOVING"",""SINGLE"",""PREFERENCES\n""],[""REST"",""SERVICE"",""USER"",""FILTERS"",""ADDED\n""],["""",""MAJOR"",""REFACTORING\n""],[""DIVIDE"",""SPOCK"",""UNIT"",""INTEGRATION"",""TESTS\nADDED"",""SPOCK"",""UNIT"",""TEST\n""],[""MERGE"",""REMOTE"",""TRACKING"",""ORIGIN/MASTER"",""DEVELOP\n""],[""MOVED"",""TRACKS"",""ROOMS"",""CONFERENCE"",""METADATA"",""KEEP"",""ALL"",""METADATA"",""AT"",""ONE"",""PLACE\n""],[""CALCULATING"",""PARTITION"",""EVENTS"",""CLOCK"",""SLICES"",""SERVER"",""SIDE"",""EVENT"",""SLICES"",""SLICEDEVENTS"",""AS"",""REST"",""SERVICE\n""],[""MERGE"",""DEVELOP"",""HTTPS://GITHUB.COM/DUKECON/DUKECON"",""SERVER"",""DEVELOP\n""],[""MERGE"",""DEVELOP"",""CONFERENCE"",""ADAPTER"",""MULTITENANT\n""],[""METADATA"",""EXTRACTION\n""],[""ADDED"",""SWAGGER"",""MAVEN"",""PLUGIN"",""GENERATING"",""SWAGGER.JSON"",""FILE"",""ACCORDING"",""SWAGGER"",""ANNOTATIONS\n""],[""FIXED"",""SPEAKER"",""EVENT"",""ASSIGNMENT\n""],[""RENAME"",""FIELD"",""TALK"",""ABSTRACT\n""],[""A"",""FIRST"",""I.E"",""HARD"",""CODED"",""IMPLEMENTATION"",""/META\n""],[""FIXED"",""PROVIDING"",""UNIQUE"",""ID\n""],[""REFACTORING"",""PACKAGE"",""STRUCTURE\n""],[""FIXED"",""TEST"",""ERRORS"",""ADDED"",""SPRING"",""CONTEXT"",""INITIALIZER"",""SPRING"",""INTEGRATION"",""TESTS\n""],[""REFACTORING"",""RAW"",""DATA"",""RESOURCE"",""MANAGEMENT\n""],[""MERGE"",""FIX"",""GUI"",""TALKCELL"",""DEVELOP\n""],[""REFACTORED"",""INIT"",""RESOURCE"",""CHOOSING"",""REAL"",""CONFERENCE\n""],[""REFACTORING"",""METADATA"",""LOOKUP"",""TAKS"",""REST"",""SERVICE"",""V2\n""],[""CALCULATED"",""NUMBEROFFAVOURITES\n""],[""MISSING"",""RENAMINGS"",""ROOM"",""TALK"",""FIXED\n""],[""BIG"",""REFACTORING"",""MULTITENANT"",""CONFERENCE"",""DATAPROVIDERS"",""ADDED"",""INITIAL"",""WEBRESOURCEDATAPROVIDER"",""CONFIGURED"",""BEANDEFINITIONREGISTRY"",""IT\n""],[""TESTS"",""FIXED\n""],[""ADDED"",""INTIAL"",""DATA"",""EXTRACTOR"",""HERBSTCAMPUS"",""CONFERENCE\n""],[""CHANGED"",""FULLBOOKEDRESOURCE"",""ADMINRESOURCE"",""ADDED"",""EVENTBOOKINGRESOURCE\n""],[""REFACTORING"",""DATA"",""LOADING"",""RE"",""ENABLING"",""HYSTRIX\n""],[""MAKE"",""SUBPATHS"",""LIKE"",""CONFERENCES/499959/SLICEDEVENTS"",""WORK"",""AGAIN"",""8\n""],[""REDESIGNED"",""INTERNAL"",""DATA"",""MODEL\nNEW"",""UPDATED"",""REST"",""SERVICES"",""CONFERENCE"",""METADATA"",""TALKS"",""V2"",""\n""],[""REFACTORING"",""DATAPROVIDER\n""],[""REFACTORING"",""META"",""DATA"",""EXTRACTION\n""],[""INTERMEDIATE"",""STATE"",""READING"",""CONFERENCE"",""RESOURCES"",""WORKING"",""JAVALAND"",""2016"",""2017\n""],[""MERGE"",""FEATURE/BLAZEDS"",""SERVER"",""DEVELOP\n""],[""MERGE"",""MASTER"",""HTTPS://GITHUB.COM/JUGDA/DUKECON"",""SERVER\n\nCONFLICTS:\n\tIMPL/SRC/TEST/JAVA/ORG/DUKECON/INTEGRATION/DUKECONSERVERAPPLICATIONSPEC.GROOVY\n""],[""EXPLICIT"",""GROOVY"",""SPOCK"",""VERSIONS"",""MAKE"",""TESTS"",""RUN"",""IGNORE"",""\n""],[""GENERALIZATION"",""READING"",""SPEAKER"",""DATA"",""SPLITTING"",""FIRST"",""LASTNAME"",""AS"",""NEEDED\n""],[""FIXED"",""TESTS\n""],[""CREATE"",""INTERFACE"",""PROVIDING"",""CONFERENCE"",""DATA\n""],[""AVOID"",""DUPLICATES"",""TALKS"",""\n""],[""TEST"",""FIXED\n""],["""",""UPDATED"",""HEALTH"",""INDICATOR\n"",""CLEANED"",""UP"",""AUTHOR"",""TAGS\n""],[""MERGE"",""DEVELOP"",""FEATURE/POSTGRES\n\nCONFLICTS:\n\tIMPL/SRC/MAIN/RESOURCES/APPLICATION.PROPERTIES\n""],[""READ"",""LOCAL"",""RAW"",""JSON"",""FILE"",""BY"",""DEFAULT\n""],[""JAVALAND"",""SPEAKER"",""INFORMATION"",""ADDED\n""],[""MERGE"",""DEVELOP"",""FEATURE/MODULARIZE\n""],[""ADDING"",""HYSTRIX"",""AS"",""CIRCUIT"",""BREAKER"",""WHEN"",""CALLING"",""DOAG"",""STORING"",""LATEST"",""SUCCESSFUL"",""RESPONSE"",""DISK"",""CLEANUP"",""TALKOLD.\n""],[""MERGE"",""REMOTE"",""TRACKING"",""ORIGIN/MASTER"",""\n""],[""REDESIGNED"",""CONFERENCESERVICE"",""ROOT"",""SUB"",""RESOURCE"",""REST/CONFERENCES"",""NOW"",""DELIVERS"",""OBJECT"",""PER"",""CONFERENCE\n""],[""ADDED"",""TWITTER"",""HANDLES\n""],[""MERGE"",""REQUEST"",""17"",""DUKECON/METADATA\n\nMETADATA""],[""BUGFIX"",""SPEAKER"",""DATA\n""],[""MERGE"",""REQUEST"",""19"",""DUKECON/METADATA\n\nCHANGED"",""I18N"",""MESSAGE"",""KEY"",""LANGUAGE"",""STRING""],[""ADDED"",""SPEAKER"",""REST"",""SERVICE"",""MOVED"",""ALL"",""CURRENT"",""REST"",""SERVICES"",""UNDER"",""CONFERENCE\n""],["""",""ADDED"",""SUPPORT"",""SCHED"",""CONFERENCES\n""],[""REFACTORING/RENAMING"",""TALK"",""DATA"",""PROVIDER\n""],[""MERGE"",""MASTER"",""HTTPS://GITHUB.COM/DUKECON/DUKECON"",""SERVER"",""METADATA\n""],[""TALKS"",""REST"",""SERVICE"",""V2"",""META"",""DATA"",""REFERENCE\nREFACTORING"",""META"",""DATA"",""LOOKUP\n""],[""ADDED"",""LITTLE"",""TYPE"",""SAFETY"",""...\n""],[""MERGE"",""MASTER"",""HTTPS://GITHUB.COM/JUGDA/DUKECON"",""SERVER\n""],[""MAKE"",""TESTS"",""RUN"",""SPOCK\n""],[""MERGE"",""REQUEST"",""23"",""DUKECON/METADATA\n\nBUGFIX"",""TALKS"",""WITHOUT"",""SPEAKER"",""CONFERENCE"",""METADATA"",""CROSSLINKED"",""NEW"",""TESTDATA"",""COMMUNITY"",""EVENTS""],[""SAVE"",""CREATION"",""IDS"",""LANGUAGE"",""NAME"",""/"",""37\n""],[""ADDED"",""LANGUAGES"",""ROOMS\n""],[""RENAMED"",""ROOM"",""LOCATION\n""],[""RENAMED"",""TALK"",""EVENT\n""],[""IGNORED"",""TEST"",""CASE"",""FIXED\n""],[""OMIT"",""SCHED"",""CONFERENCES"",""LOADING"",""\n""],[""SET"",""CORRECT"",""MIME"",""TYPE"",""CACHE"",""MANIFEST\n""],[""FIXED"",""TEST"",""CLEANUP"",""DUE"",""CHANGE"",""IMPLEMENTATION\n""],[""ADDED"",""USER"",""PREFERENCES"",""PERSISTENCE"",""...\n""],[""ADDED"",""ICONS"",""METADATA\n""],[""CHANGED"",""NOT"",""FOUND"",""RETURN"",""TYPE"",""IF"",""CONFERENCE"",""NOT"",""EXISTS\n"",""46"",""HTTPS://GITHUB.COM/DUKECON/DUKECON"",""SERVER/ISSUES/46\n""],[""REFACTORING"",""SPEAKER"",""MAPPING\n""],[""MERGED\n""],[""FILTER"",""EVENTS"",""EMPTY"",""DURATION\nREPLACED"",""\\R\\N"",""\\N\n""],[""DON"",""T"",""PRINT"",""ID"",""MAYBE"",""THIS"",""LEFTOVER"",""DEBUGGING"",""SESSION"",""\n""],["""",""ADDED"",""ABILITY"",""READ"",""STYLE"",""INFORMATION"",""GIVEN"",""CONFERENCE"",""CONFERENCESERVICE\n"",""EXTENDED"",""CONFERENCE"",""REST"",""CONTROLLER"",""GENERATE"",""STYLES.CSS"",""RESOURCES"",""FLY\n""],[""MERGE"",""REQUEST"",""25"",""DUKECON/METADATA\n\nADDED"",""CONFERENCE"",""ID"",""RESOURCE"",""PATH""],[""REFACTORING"",""SPEAKER"",""IMAGE"",""SERVICE"",""ADDED"",""HERBSTCAMPUS"",""SPEAKER"",""IMAGES\n""],[""MERGE"",""DEVELOP"",""FEATURE/TWITTER\n""],[""FIXED"",""LOADING"",""CONFERENCES.YML"",""JAR"",""EXECUTION\n""],[""SHIFTED"",""PARAMETERS"",""RESOURCE"",""INIT.JSON\n""],[""RENAMED"",""WILLBECOMEFULL"",""VERYPOPULAR"",""TESTS"",""FIXED\n""],[""MERGE"",""AHUS1"",""AHUS1"",""GUITEST"",""DEVELOP\n""],[""NEW"",""RAW"",""DATA"",""URL"",""2016"",""\n""],[""IMPROVED"",""CACHING"",""RESPECT"",""DUKECON/DUKECON"",""HTML5"",""26\n""],[""ADDED"",""KEYCLOAK"",""AS"",""AUTH"",""PROVIDER"",""NEW"",""/REST/PREFERENCES"",""\n""],[""INITIAL"",""SPRING"",""BOOT"",""SETUP\n""],[""MERGE"",""REQUEST"",""18"",""DUKECON/METADATA\n\nFIXED"",""MISSING"",""TRACK"",""INFORMATION"",""TALK"",""ADDED"",""SPEAKER"",""ID""],[""FINISHED"",""POSTGRESQL"",""CONFIGURATION\nRENAMING"",""COLUMNS"",""TABLES\nFLYWAY"",""CORRECTIONS\n""],[""ADDED"",""UNAUTHORIZED"",""ACCESS"",""SERVICE"",""TESTING"",""PURPOSES\n""],[""HTTP"",""ETAG"",""CONFIG"",""ADDED\n""],[""IGNORED"",""JAVALANDDATAEXTRACTOR"",""TEST\n""],[""DROP"",""JAVAISTIC"",""\n""],[""FIXED"",""MISSING"",""TALK"",""TYPE"",""ID\n""],["""",""CHANGED"",""CONFERENCE"",""NUMERIC"",""ID\n"",""CHANGED"",""SPEAKER"",""IMPORT"",""INITIALIZE"",""EMAIL"",""FIELD"",""GENERATE"",""NUMERIC"",""ID"",""INSTEAD"",""STRING"",""ONE.\n""],[""USE"",""GROOVY"",""BUILT"",""LOGGING\n""],[""FIX:"",""AVOID"",""HTTP://JIRA.CODEHAUS.ORG/BROWSE/GRECLIPSE"",""1677"",""\n""],[""SWITCHED"",""INIT.JSON"",""REST/CONFERENCES"",""TALKPROVIDER"",""CONFIGURATION"",""DATA\n""],[""ALLOW"",""RANDOM"",""SERVER"",""PORT"",""DURING"",""TESTING\n""],[""FIXED"",""COMPILE"",""TEST"",""ERRORS\n""],[""NEW"",""EVENT"",""FIELD"",""WILLBECOMEFULL"",""MAPPING"",""MAPPING"",""CAPACITY"",""TESTS"",""FIXED\n""],[""ADDED"",""DEBUG"",""LOGGING\n""],["""",""REMOVED"",""BI"",""DIRECTIONAL"",""PROPERTIES\n"",""MOVED"",""METADATA"",""PROPERTIES"",""BACK"",""CONFERENCE\n"",""FINE"",""TUNED"",""MODEL"",""CLASSES\n"",""FINE"",""TUNED"",""SERIALIZATION"",""SERIALIZE"",""JAVA"",""LOCALDATETIME"",""OBJECTS"",""AS"",""ACTIONSCRIPT"",""DATE"",""OBJECTS\n""],[""ADDED"",""CORS"",""FILTER\n""],[""MERGE"",""REMOTE"",""TRACKING"",""ORIGIN/DEVELOP"",""DEVELOP\n\n"",""CONFLICTS:\n"",""\tIMPL/SRC/MAIN/JAVA/ORG/DUKECON/SERVER/SERVICE/ABSTRACTPREFERENCESSERVICE.GROOVY\n""],[""DEFAULT"",""CONFERENCE"",""ID"",""NOW"",""JL2017\n""],[""IGNORE"",""TESTS"",""UNTIL"",""FINAL"",""SOLUTION"",""47"",""FOUND"",""\n""],[""FIX"",""ROOT"",""CAUSE"",""40\n\nTHE"",""LIST"",""SPEAKERS"",""WAS"",""NOT"",""UNIFIED"",""WHEN"",""CREATED\n""],[""MERGE"",""REQUEST"",""20"",""DUKECON/METADATA\n\nADDED"",""SPEAKER"",""REST"",""SERVICE"",""MOVED"",""ALL"",""CURRENT"",""REST"",""SERVICES"",""UNDER"",""CONFERENCE""],[""ADDED"",""HEALTH"",""CHECK"",""SPRING"",""BOOT"",""STYLE\n""],[""ADDED"",""HTML5"",""OVERLAY"",""CALL"",""REST"",""SERVICE\n""],[""IS"",""THIS"",""MOVING"",""TARGET"",""\n""],[""GROOVIFY"",""STRING"",""BUILDING\n""],[""ADDED"",""LOGGING\n""],[""REFACTORED"",""DIVIDE"",""BETWEEN"",""PROD"",""TEST"",""ENV"",""POSTGRESQL\n""],[""DISABLE"",""CACHING"",""MANIFEST"",""FILES"",""COMPLETELY\n""],[""ALLOW"",""WORK"",""OFFLINE"",""BY"",""READING"",""LOCAL"",""FILE\n""],[""ADDED"",""HOMEURL"",""CONFERENCE"",""JSON"",""EXPORT\n""],[""ADDED"",""CONFERENCE"",""ID"",""RESOURCE"",""PATH\n""],["""",""EXTENDED"",""PREFERENCES"",""SERVICE"",""BY"",""METHODS"",""ADD"",""DELETE"",""ELEMENTS.\n""],[""ADDED"",""TEST"",""FILTERSREPOSITORY\n""],[""IGNORE"",""HEALTHINDICATOR"",""TEST"",""NEEDS"",""BE"",""REFACTORED\n""],[""DROPPED"",""SCHED/"",""DIRECTORY\n""],[""CACHEINVALIDIERUNG"",""DOAG"",""TALKS"",""KONFIGURIERBAR\n\nHTTPS://GITHUB.COM/DUKECON/DUKECON"",""SERVER/ISSUES/7\n""],[""FIXED"",""TEST"",""ERROR\n""],[""ADDED"",""TALK"",""LIST"",""SPEAKER\n""],[""MERGE"",""REQUEST"",""21"",""DUKECON/METADATA\n\nADDED"",""TALK"",""LIST"",""SPEAKER""],["""",""REFACTORING"",""ONE"",""TESTS"",""DURING"",""SESSION"",""AT"",""APACHECON"",""GOOVY"",""TESTING"",""\n""],[""TESTS"",""REFACTORING"",""TALK"",""CACHE"",""INVALIDATION\n""],[""FIXED"",""SPECIAL"",""DAY"",""HANDLING"",""WORKSHOP"",""DAY\n""],[""EMPTY"",""PREFERENCES"",""SHOULD"",""RETURN"",""EMPTY"",""LIST"",""\n""],["""",""ADDED"",""CRUDSERVICE"",""INTERFACHE\n"",""ADDED"",""INITIAL"",""CONFERENCESERVICE"",""INTERFACE\n"",""ADDED"",""INITIAL"",""CONFERENCESERVICEIMPL\n"",""ADDED"",""INITIAL"",""SUPPORT"",""BLAZEDS\n""],[""FIXED"",""TEST\n""],[""FIX"",""TRAVIS"",""CI\n""],[""ADDED"",""EXTERNAL"",""CONFERENCE"",""CONFIGURATION\n""],[""RENAMED"",""TALKTYPE"",""EVENTTYPE\n""],[""HAVE"",""TALKPROVIDER"",""DELIVERING"",""TALKS"",""DEMO"",""TALKS"",""NOW"",""LOADED"",""STATIC"",""FILE\n""],[""ADDED"",""ADMIN"",""REST"",""RESOURCE"",""SETTING"",""FULLYBOOKED"",""FLAG\n""],[""UPDATE"",""WEBRESOURCEDATAPROVIDERREMOTE.GROOVY""],[""SOLVE"",""45"",""40"",""BY"",""USING"",""UNIQUE"",""SPEAKER"",""HANDLES"",""QUICK"",""HACK"",""\n""],[""AVOID"",""GROOVY"",""IDE"",""WARNING"",""PUBLIC"",""METHOD\n""],[""MOVED"",""IMPLEMENTATION"",""MODULE"",""SUB"",""FOLDER\n""],[""REMOVED"",""DEPENDENCY"",""API"",""PROJECT"",""USING"",""OWN"",""MODEL"",""SERVICE"",""CLASSES\nTHIS"",""C"",""LEAN\n""],[""FIXED"",""MISSING"",""TRACK"",""INFORMATION"",""TALK"",""ADDED"",""SPEAKER"",""ID\n""],[""SPEAKER"",""IMAGES"",""REST"",""RESOURCE\n""],[""BUGFIX"",""BUGFIX:"",""EMPTY"",""LISTS"",""SIZE"",""0"",""COURSE"",""\n""],[""FIXED"",""POTENTIAL"",""NULLPOINTER"",""ERRORS"",""BECAUSE"",""MISSING"",""APACHECON"",""APIKEY\n""],[""ADDED"",""DEMO"",""TALKS"",""JAVALAND"",""SERVER"","":"",""\n""],[""FIXED"",""TEST:"",""DO"",""NOT"",""COMPARE"",""EXACT"",""NUMBER"",""SPEAKERS"",""\n""],[""MERGE"",""DEVELOP"",""HTTPS://GITHUB.COM/DUKECON/DUKECON"",""SERVER"",""DEVELOP\n\nCONFLICTS:\n\tIMPL/SRC/MAIN/JAVA/ORG/DUKECON/SERVER/SERVICE/ABSTRACTPREFERENCESSERVICE.GROOVY\n""],[""ALLOW"",""ADMINS"",""REFRESH"",""CACHE"",""BY"",""USING"",""SPECIAL"",""SECURED"",""URL"",""8\n""],[""FIXED"",""HERBSTCAMPUS"",""CONFERENCE"",""NAME\n""],[""DROP"",""BACKUP/"",""DIRECTORY"",""MAY"",""NOT"",""EXIST"",""\n""],[""MOVED"",""SERVLETINITIALIZER\n""],[""FIX:"",""AVOID"",""NULL"",""SECOND"",""SPEAKERS\n""],[""BUGFIX"",""TALKS"",""WITHOUT"",""SPEAKER\nCONFERENCE"",""METADATA"",""CROSSLINKED\nNEW"",""TESTDATA"",""COMMUNITY"",""EVENTS\n""],[""SWITCH"",""JAVALAND"",""2017\n""],[""FIELD"",""SIMULTAN"",""ADDED\n""],[""ADD"",""USEACCOUNTMANAGEMENT"",""FLAG\n""],[""ADDED"",""SWAGGER2MARKUP\n""],["""",""MADE"",""SCHED"",""ADAPTER"",""LOG"",""CONFERENCES"",""READY"",""SERVER"",""WHEN"",""INITIALIZING.\n""],[""AVOID"",""NO"",""STORE"",""MAKE"",""CACHE"",""MANIFEST"",""WORK"",""FIREFOX"",""AGAIN\n""],[""ADDED"",""KEYCLOAK"",""CONFIGURATION"",""SERVICE\n""],[""MERGE"",""REMOTE"",""TRACKING"",""UPSTREAM/DEVELOP"",""DEVELOP\n""],[""ADDED"",""SPOCK"",""DEPENDENCY"",""FIRST"",""SPOCK"",""INTEGRATION"",""TEST\n""],[""ADDED"",""KEYCLOAK"",""REDIRECTURI\n""],[""BUGFIX\n""],[""FIX:"",""USE"",""GERMAN"",""KEYS"",""MISC"",""DOAG"",""JL"",""DATA\n""],[""ENSURE"",""UTF"",""8"",""DATA"",""ARE"",""READ"",""RIGHT"",""ENCODING\n""],[""TEMPORARELY"",""DEACTIVATED"",""HYSTRIX"",""DUE"",""PROBLEMS"",""JAR"",""EXECUTION"",""MODE\n""],["""",""REFACTORED"",""MODEL"",""AGAIN"",""...\n""],[""MERGE"",""REQUEST"",""32"",""AHUS1/AHUS1"",""GUITEST\n\nPROOF"",""CONCEPT"",""GUI"",""TESTING"",""JGIVEN"",""ARQUILLIAN""],[""ACCESS"",""CONFERENCES"",""REST"",""SERVICE"",""ADDITIONALLY"",""REST/CONFERENCES/ID.JSON\n""],[""BECOME"",""CONSERVATIVE"",""WHEN"",""LOADING"",""TWITTER"",""HANDLES\n""],[""ADDED"",""SECOND"",""TEST"",""CASE"",""TYPE"",""SAFETY\n""],[""MAKE"",""ANNA"",""HAPPY:"",""RENAME"",""NOAUTHPREFERENCESSERVICE"",""CORRECT"",""NAME\n""],[""FIXED"",""CONFERENCE"",""CONFIG"",""BUG\nRETURN"",""STATUS"",""404"",""IF"",""CONFERENCE"",""CAN"",""NOT"",""BE"",""FOUND\n""],[""REACTIVATED"",""INIT.JSON"",""DEVELOPMENT\n""],[""FIXED"",""ENCODING"",""ORIGIN"",""DATA\n""],["""",""MADE"",""CONFERENCESERVICEIMPL"",""SAFE"",""NULLPOINTEREXCEPTIONS\n"",""MADE"",""RESOURCESERVICE"",""USE"",""SPEAKERIMAGESERVICE"",""PROVIDING"",""SPEAKER"",""IMAGES\n""],[""FIXED"",""HTML5"",""CLIENT"",""OVERLAY"",""NOT"",""WORKING"",""PROBLEMS"",""ACTUALLY"",""SPRING"",""BOOT"",""WEB"",""DEPENDENCIES"",""WAS"",""MISSED"",""SO"",""NO"",""STATIC"",""FILES"",""COULD"",""BE"",""SERVED"",""PUBLIC"",""DIRECTORY\n""],[""FIX:"",""REPLACE"",""&QUOT"",""HTML"",""ENTITY"",""PROPER"",""JSON"",""\\"",""\n""],[""H2"",""DATABASE"",""WEB"",""CONSOLE"",""INTEGRATED\n""],[""FIXED"",""READING"",""CSV"",""FILE"",""AS"",""INPUTSTREAM\n""]]"
sql,"[[""MERGE"",""REQUEST"",""26"",""DUKECON/METADATA\n\nRENAMED"",""ROOM"",""LOCATION""],[""FINISHED"",""POSTGRESQL"",""CONFIGURATION\nRENAMING"",""COLUMNS"",""TABLES\nFLYWAY"",""CORRECTIONS\n""],[""MERGE"",""REMOTE"",""TRACKING"",""ORIGIN/MASTER"",""DEVELOP\n""],[""REST"",""SERVICE"",""USER"",""FILTERS"",""ADDED\n""],[""MERGE"",""DEVELOP"",""FEATURE/POSTGRES\n\nCONFLICTS:\n\tIMPL/SRC/MAIN/RESOURCES/APPLICATION.PROPERTIES\n""],[""STARTED"",""POSTGRESQL"",""DEVELOPMENT\n""],[""RENAMED"",""ROOM"",""LOCATION\n""],[""ADDED"",""USER"",""PREFERENCES"",""PERSISTENCE"",""...\n""],[""MERGE"",""COMMIT"",""8C34C90A52FAACE5042DAE835142D281D4CACF07"",""DEVELOP\n""],[""ADDED"",""TEST"",""FILTERSREPOSITORY\n""]]"
gitattributes,"[[""MERGE"",""REQUEST"",""33"",""AHUS1/DEVELOP\n\nADDING"",""MAVEN"",""WRAPPER"",""MAKE"",""ENABLE"",""BUILD"",""DUKECON"",""INFRA""],[""MERGE"",""REMOTE"",""TRACKING"",""ORIGIN/MASTER"",""DEVELOP\n""],[""MERGE"",""COMMIT"",""8C34C90A52FAACE5042DAE835142D281D4CACF07"",""DEVELOP\n""],[""ADDING"",""MAVEN"",""WRAPPER"",""MAKE"",""ENABLE"",""BUILD"",""DUKECON"",""INFRA\n""],[""MERGE"",""DEVELOP"",""FEATURE/POSTGRES\n\nCONFLICTS:\n\tIMPL/SRC/MAIN/RESOURCES/APPLICATION.PROPERTIES\n""]]"
jpg,"[["""",""IMPLEMENTED"",""FLEX"",""RESOURCESERVICE"",""THAT"",""LOADS"",""CACHES"",""IMAGE"",""RESOURCES"",""LOCATION"",""LANGUAGES"",""STREAMS\n"",""IMPLEMENTED"",""WORKING"",""JAVA"",""RESOURCESERVICE"",""WHICH"",""PROVIDES"",""IMAGE"",""RESOURCES"",""BY"",""SCANNING"",""WAR"",""CONTENT\n"",""ADDED"",""IMAGE"",""RESOURCES"",""STREAMS"",""LANGUAGES.\n\nTHE"",""SERVER"",""SIDE"",""INTERMEDIATE"",""SOLUTION"",""UNTIL"",""GENERIC"",""WAY"",""HANDLE"",""PERSISTENCE"",""IMAGE"",""DATA"",""STORED"",""DB"",""WHATSOEVER"",""\n""],[""MERGE"",""REMOTE"",""TRACKING"",""UPSTREAM/DEVELOP"",""DEVELOP\n\n"",""CONFLICTS:\n"",""\tPOM.XML\n""],["""",""UPDATED"",""LANGUAGE"",""CONTAIN"",""WHAT"",""WAS"",""ID"",""PREVIOUSLY"",""NEW"",""FIELD"",""CODE"",""USE"",""NUMERIC"",""ID"",""NOW"",""ON.\n"",""UPDATED"",""RESOURCESERVICE"",""STRUCTURE"",""IMAGE"",""RESOURCES"",""DIFFERENTLY"",""SO"",""S"",""POSSIBLE"",""USE"",""DIFFERENT"",""IMAGES"",""EACH"",""CONFERENCE.\n""],["""",""UPDATED"",""DIRECTORIES"",""EXTERNAL"",""IDS"",""ADDED"",""IMAGE"",""RESOURCES"",""JAVALAND"",""2017\n""],[""REFACTORING"",""SPEAKER"",""IMAGE"",""SERVICE"",""ADDED"",""HERBSTCAMPUS"",""SPEAKER"",""IMAGES\n""],[""MERGE"",""FEATURE/BLAZEDS"",""SERVER"",""DEVELOP\n""],[""LOGO/ICON"",""\n""],[""REVERT"",""LOGO/ICON"",""\n\nTHIS"",""REVERTS"",""COMMIT"",""5EE929FB0FA279A2F8ECA6DE67F52E2BA70C26A3.\n""]]"
mvn/wrapper/maven-wrapper,"[[""MERGE"",""DEVELOP"",""FEATURE/POSTGRES\n\nCONFLICTS:\n\tIMPL/SRC/MAIN/RESOURCES/APPLICATION.PROPERTIES\n""],[""ADDING"",""MAVEN"",""WRAPPER"",""MAKE"",""ENABLE"",""BUILD"",""DUKECON"",""INFRA\n""],[""MERGE"",""COMMIT"",""8C34C90A52FAACE5042DAE835142D281D4CACF07"",""DEVELOP\n""],[""MERGE"",""REMOTE"",""TRACKING"",""ORIGIN/MASTER"",""DEVELOP\n""],[""MERGE"",""REQUEST"",""33"",""AHUS1/DEVELOP\n\nADDING"",""MAVEN"",""WRAPPER"",""MAKE"",""ENABLE"",""BUILD"",""DUKECON"",""INFRA""]]"
md,"[[""MERGE"",""REMOTE"",""TRACKING"",""UPSTREAM/DEVELOP"",""DEVELOP\n\n"",""CONFLICTS:\n"",""\tPOM.XML\n""],[""MERGE"",""DEVELOP"",""FEATURE/POSTGRES\n\nCONFLICTS:\n\tIMPL/SRC/MAIN/RESOURCES/APPLICATION.PROPERTIES\n""],[""FIXED"",""TRAVIS"",""LINK""],[""FIXED"",""DEPENDENCY"",""WARNINGS\n""],[""MERGE"",""REQUEST"",""32"",""AHUS1/AHUS1"",""GUITEST\n\nPROOF"",""CONCEPT"",""GUI"",""TESTING"",""JGIVEN"",""ARQUILLIAN""],[""MERGE"",""COMMIT"",""8C34C90A52FAACE5042DAE835142D281D4CACF07"",""DEVELOP\n""],[""MERGE"",""DEVELOP"",""FEATURE/MODULARIZE\n""],[""MERGE"",""MASTER"",""APIASMVN\n""],[""MERGE"",""REQUEST"",""34"",""AHUS1/DEVELOP\n\nADDED"",""HEALTH"",""CHECK"",""SPRING"",""BOOT"",""STYLE""],[""PROOF"",""CONCEPT"",""GUI"",""TESTING"",""JGIVEN"",""ARQUILLIAN\n""],[""ADDED"",""HEALTH"",""CHECK"",""SPRING"",""BOOT"",""STYLE\n""],[""UPDATED"",""VERSIONEYE"",""DEPENDENCY"",""BADGES\n""],[""UPDATE"",""README.MD\n\nADDED"",""LABEL"",""VERSIONEYE"",""STATUS""],[""MERGE"",""REMOTE"",""TRACKING"",""ORIGIN/MASTER"",""DEVELOP\n""],[""TRANSLATED"",""ENGLISH"",""BE"",""CONSISTEND"",""OTHER"",""DOCUMENTATION\n""],[""INITIAL"",""BASIC"",""TRAVIS"",""FILE\n""],[""MERGE"",""MASTER"",""HTTPS://GITHUB.COM/JUGDA/DUKECON"",""SERVER\n\n"",""BY"",""GERD"",""ASCHEMANN\n"",""VIA"",""GERD"",""ASCHEMANN\n*"",""MASTER"",""HTTPS://GITHUB.COM/JUGDA/DUKECON"",""SERVER:\n"",""UPDATE"",""README.MD\n"",""ADDED"",""VERSIONEYE"",""DEPENDENCY"",""STATUS\n"",""MAKE"",""VERSIONEYE"",""HAPPY\n""],[""ALLOW"",""ADMINS"",""REFRESH"",""CACHE"",""BY"",""USING"",""SPECIAL"",""SECURED"",""URL"",""8\n""],[""ADDED"",""VERSIONEYE"",""DEPENDENCY"",""STATUS\n""],[""RENAMED"",""ROOM"",""LOCATION\n""],[""MERGE"",""REQUEST"",""26"",""DUKECON/METADATA\n\nRENAMED"",""ROOM"",""LOCATION""],[""H2"",""DATABASE"",""WEB"",""CONSOLE"",""INTEGRATED\n""],[""REST"",""SERVICE"",""USER"",""FILTERS"",""ADDED\n""],[""REFACTORED"",""DIVIDE"",""BETWEEN"",""PROD"",""TEST"",""ENV"",""POSTGRESQL\n""]]"
java,"[[""CHANGED"",""I18N"",""MESSAGE"",""KEY"",""LANGUAGE"",""STRING\n""],[""MERGE"",""REQUEST"",""16"",""DUKECON/METADATA\n\nMETADATA""],["""",""MADE"",""FLEX"",""APPLICATION"",""USE"",""STYLES"",""SENT"",""SERVER"",""OK"","".."",""CURRENTLY"",""I"",""JUST"",""USE"",""DARK"",""STYLE"",""COLOR"",""TITLES"",""\n"",""MADE"",""RESOURCESERVICEIMPL"",""CONFERENCESERVICEIMPL"",""LITTLE"",""SAFER"",""AGAINST"",""NPES\n"",""ADDED"",""LOCATION"",""LOCATION"",""MAP"",""SPEAKER"",""IMAGES"",""RESOURCES"",""OBJECT\n""],[""REFACTORING"",""PACKAGE"",""STRUCTURE\n""],["""",""MAJOR"",""REFACTORING\n""],[""ADDED"",""CONFERENCE"",""PROPERTIES"",""ALMOST"",""ALL"",""MODEL"",""TYPES"",""FULL"",""MODEL"",""BOTH"",""RELATIONAL"",""DIRECTIONS\n""],["""",""REMOVED"",""BI"",""DIRECTIONAL"",""PROPERTIES\n"",""MOVED"",""METADATA"",""PROPERTIES"",""BACK"",""CONFERENCE\n"",""FINE"",""TUNED"",""MODEL"",""CLASSES\n"",""FINE"",""TUNED"",""SERIALIZATION"",""SERIALIZE"",""JAVA"",""LOCALDATETIME"",""OBJECTS"",""AS"",""ACTIONSCRIPT"",""DATE"",""OBJECTS\n""],[""MERGE"",""REQUEST"",""32"",""AHUS1/AHUS1"",""GUITEST\n\nPROOF"",""CONCEPT"",""GUI"",""TESTING"",""JGIVEN"",""ARQUILLIAN""],[""MERGE"",""REQUEST"",""19"",""DUKECON/METADATA\n\nCHANGED"",""I18N"",""MESSAGE"",""KEY"",""LANGUAGE"",""STRING""],[""MERGE"",""REMOTE"",""TRACKING"",""UPSTREAM/DEVELOP"",""DEVELOP\n\n"",""CONFLICTS:\n"",""\tPOM.XML\n""],[""MERGE"",""DEVELOP"",""FEATURE/POSTGRES\n\nCONFLICTS:\n\tIMPL/SRC/MAIN/RESOURCES/APPLICATION.PROPERTIES\n""],[""MERGE"",""MASTER"",""HTTPS://GITHUB.COM/DUKECON/DUKECON"",""SERVER"",""METADATA\n""],[""MERGE"",""REQUEST"",""15"",""DUKECON/METADATA\n\nMETADATA""],["""",""ADDED"",""FIRST"",""VERSION"",""RESOURCESERVICE"",""WHICH"",""WILL"",""RETURN"",""IMAGE"",""RESOURCES"",""NEEDED"",""BY"",""FLEX"",""CLIENT.\n"",""CHANGED"",""BUILD"",""CONFIG"",""USE"",""WAR"",""OVERLAYS"",""INSTEAD"",""DEPENDENCY"",""PLUGIN"",""EMBEDDING"",""HTML"",""CLIENT\n"",""ADDED"",""FAILSAFE"",""CONFIGRUATION"",""RUN"",""INTEGRATION"",""TEST"",""PHASE"",""MOVED"",""GUI"",""TESTS"",""BEING"",""INTEGRATION"",""TESTS"",""BY"",""RENAMING"",""THEM"",""XYZTEST"",""XYZIT\n""],[""MERGE"",""REMOTE"",""TRACKING"",""ORIGIN/MASTER"",""DEVELOP\n""],[""REDESIGNED"",""INTERNAL"",""DATA"",""MODEL\nNEW"",""UPDATED"",""REST"",""SERVICES"",""CONFERENCE"",""METADATA"",""TALKS"",""V2"",""\n""],[""MERGE"",""FEATURE/TWITTER"",""DEVELOP\n""],[""REFACTORING"",""META"",""DATA"",""EXTRACTION\n""],[""TALKS"",""REST"",""SERVICE"",""V2"",""META"",""DATA"",""REFERENCE\nREFACTORING"",""META"",""DATA"",""LOOKUP\n""],[""MERGE"",""REQUEST"",""26"",""DUKECON/METADATA\n\nRENAMED"",""ROOM"",""LOCATION""],[""BIG"",""REFACTORING"",""MULTITENANT"",""CONFERENCE"",""DATAPROVIDERS\n""],[""MERGE"",""COMMIT"",""8C34C90A52FAACE5042DAE835142D281D4CACF07"",""DEVELOP\n""],[""NOW"",""WORKSHOP"",""DAY"",""PRESENT\n""],[""BUGFIX"",""PREFERENCE"",""UPLOAD:"",""JERSEY"",""NEEDS"",""DEFAULT"",""CONSTRUCTOR\n""],[""MOVED"",""MODEL"",""CLASSES"",""API"",""PACKAGE"",""INTRODUCE"",""PARENT"",""POM"",""STRUCTURE"",""GENERATE"",""SWAGGER.JSON"",""FILE"",""API"",""MODULE"",""TARGET"",""FOLDER\n""],[""RENAMED"",""ROOM"",""LOCATION\n""],[""MERGE"",""DEVELOP"",""HTTPS://GITHUB.COM/DUKECON/DUKECON"",""SERVER"",""DEVELOP\n""],[""MERGE"",""MASTER"",""HTTPS://GITHUB.COM/JUGDA/DUKECON"",""SERVER\n""],["""",""CHANGED"",""CONFERENCE"",""NUMERIC"",""ID\n"",""CHANGED"",""SPEAKER"",""IMPORT"",""INITIALIZE"",""EMAIL"",""FIELD"",""GENERATE"",""NUMERIC"",""ID"",""INSTEAD"",""STRING"",""ONE.\n""],[""BUGFIX"",""TALKS"",""WITHOUT"",""SPEAKER\nCONFERENCE"",""METADATA"",""CROSSLINKED\nNEW"",""TESTDATA"",""COMMUNITY"",""EVENTS\n""],[""MERGE"",""REQUEST"",""17"",""DUKECON/METADATA\n\nMETADATA""],[""SPEAKER"",""IMAGES"",""REST"",""RESOURCE\n""],[""MOVE"",""TESTING"",""FIREFOX"",""ADDING"",""FIRST"",""KEYCLOAK"",""TEST\n""],[""ADD"",""CREATED"",""MODEL"",""BE"",""ABLE"",""GET"",""RID"",""GENERATED"",""STUFF"",""\n""],[""PROOF"",""CONCEPT"",""GUI"",""TESTING"",""JGIVEN"",""ARQUILLIAN\n""],[""ADDED"",""ICONS"",""METADATA\n""],[""CALCULATED"",""NUMBEROFFAVOURITES\n""],[""MERGE"",""REQUEST"",""23"",""DUKECON/METADATA\n\nBUGFIX"",""TALKS"",""WITHOUT"",""SPEAKER"",""CONFERENCE"",""METADATA"",""CROSSLINKED"",""NEW"",""TESTDATA"",""COMMUNITY"",""EVENTS""],[""ADDED"",""LANGUAGES"",""ROOMS\n""],[""METADATA"",""EXTRACTION\n""],[""ADDED"",""HTML5"",""OVERLAY"",""CALL"",""REST"",""SERVICE\n""],[""MISSING"",""RENAMINGS"",""ROOM"",""TALK"",""FIXED\n""],[""MOVED"",""TRACKS"",""ROOMS"",""CONFERENCE"",""METADATA"",""KEEP"",""ALL"",""METADATA"",""AT"",""ONE"",""PLACE\n""],["""",""ADDED"",""RESSOURCE"",""CLASS"",""WRAP"",""RESOURCES"",""SENT"",""BACK"",""BY"",""SERVER"",""INSTEAD"",""RELYING"",""MAP"",""MAPS\n""],[""MERGE"",""DEVELOP"",""CONFERENCE"",""ADAPTER"",""MULTITENANT\n""],[""MAKE"",""SELENIUM"",""TESTS"",""ROBUST\n""],[""MERGE"",""FEATURE/BLAZEDS"",""SERVER"",""DEVELOP\n""],[""FIX:"",""JAVALAND"",""NOW"",""HAS"",""THREE"",""DAYS"",""INCLUDING"",""COMMUNITY"",""PROGRAM"",""MONDAY"",""\n""],[""MERGE"",""AHUS1"",""AHUS1"",""GUITEST"",""DEVELOP\n""],[""ADDED"",""FIRST"",""LASTNAME"",""CLEANED"",""UP"",""TWITTER"",""HANDLES\n""],[""RENAMED"",""TALK"",""EVENT\n""],[""MERGE"",""DEVELOP"",""FEATURE/MODULARIZE\n""],[""REMOVED"",""DEPENDENCY"",""API"",""PROJECT"",""USING"",""OWN"",""MODEL"",""SERVICE"",""CLASSES\nTHIS"",""C"",""LEAN\n""],[""RENAMED"",""TALKTYPE"",""EVENTTYPE\n""],[""MERGE"",""MASTER"",""HTTPS://GITHUB.COM/DUKECON/DUKECON"",""SERVER\n""],[""REMOVED"",""OBSOLETE"",""CODE"",""AFTER"",""REFACTORING"",""METADATA"",""LOOKUP\n""],[""REFERENCED"",""FOREIGN"",""KEYS"",""INSTEAD"",""OBJECTS"",""AGGREGATES"",""\n""],[""ADDING"",""HYSTRIX"",""AS"",""CIRCUIT"",""BREAKER"",""WHEN"",""CALLING"",""DOAG"",""STORING"",""LATEST"",""SUCCESSFUL"",""RESPONSE"",""DISK"",""CLEANUP"",""TALKOLD.\n""],[""MERGE"",""REQUEST"",""18"",""DUKECON/METADATA\n\nFIXED"",""MISSING"",""TRACK"",""INFORMATION"",""TALK"",""ADDED"",""SPEAKER"",""ID""],["""",""11"",""PROVIDE"",""SECURE"",""PING"",""URL"",""REST"",""SERVICE"",""THAT"",""CAN"",""BE"",""USED"",""FORCE"",""LOGIN\n\n"",""ADDED"",""SECOND"",""PING"",""SERVICE"",""THAT"",""SHOULD"",""BE"",""CONFIGURED"",""ONLY"",""ALLOW"",""AUTHENTICATED"",""ACCESS"",""BY"",""KEYCLOAK.\n""],[""MERGE"",""REQUEST"",""27"",""DUKECON/METADATA\n\nFIXED"",""COMPILER"",""BUG""],[""ADDED"",""SPEAKER"",""REST"",""SERVICE"",""MOVED"",""ALL"",""CURRENT"",""REST"",""SERVICES"",""UNDER"",""CONFERENCE\n""],[""MERGE"",""REMOTE"",""TRACKING"",""UPSTREAM/DEVELOP"",""DEVELOP\n""],["""",""MADE"",""RESOURCESERVICE"",""RETURN"",""MAP"",""CONFERENCE"",""LOGOS\n"",""ADDED"",""CONFERENCE"",""LOGO"",""RESOURCE"",""MAP"",""CONFERENCE\n""],[""ADD"",""TALKSERVICE"",""STUB\n""],[""ADD"",""CONSTRUCTORS"",""JSON"",""MAPPING"",""USAGE\n""],[""ADDED"",""HOMEURL"",""CONFERENCE"",""JSON"",""EXPORT\n""],[""FIXED"",""TESTS\n""],[""UPDATED"",""MODEL"",""CORRECTLY"",""LINK"",""REDUNDANT"",""INSTANCES\n""],[""CALCULATING"",""PARTITION"",""EVENTS"",""CLOCK"",""SLICES"",""SERVER"",""SIDE"",""EVENT"",""SLICES"",""SLICEDEVENTS"",""AS"",""REST"",""SERVICE\n""],[""JAVALAND"",""SPEAKER"",""INFORMATION"",""ADDED\n""],[""MERGE"",""REQUEST"",""25"",""DUKECON/METADATA\n\nADDED"",""CONFERENCE"",""ID"",""RESOURCE"",""PATH""],[""ADDED"",""CORS"",""FILTER\n""],[""FIELD"",""SIMULTAN"",""ADDED\n""],[""PING"",""METHOD"",""LAST"",""UPDATED"",""STRING"",""YET"",""MOCKED"",""\n""],[""MERGE"",""SELENIUM"",""TESTS"",""FAIL"",""WITH"",""NEW"",""FIREFOX"",""DEVELOP\n""],[""ADDED"",""ADMIN"",""REST"",""RESOURCE"",""SETTING"",""FULLYBOOKED"",""FLAG\n""],[""ADDED"",""KEYCLOAK"",""CONFIGURATION"",""SERVICE\n""],[""ATTEMPT"",""FIX"",""TEST"",""AFTER"",""CHANGING"",""HTML\n""],[""AVOID"",""MAPPING"",""TEST"",""SERVER"",""FIXED"",""PORT"",""...\n""],["""",""ADDED"",""CRUDSERVICE"",""INTERFACHE\n"",""ADDED"",""INITIAL"",""CONFERENCESERVICE"",""INTERFACE\n"",""ADDED"",""INITIAL"",""CONFERENCESERVICEIMPL\n"",""ADDED"",""INITIAL"",""SUPPORT"",""BLAZEDS\n""],["""",""ADDED"",""ID"",""FIELD"",""USERPREFERENCES\n""],["""",""UPDATED"",""LANGUAGE"",""CONTAIN"",""WHAT"",""WAS"",""ID"",""PREVIOUSLY"",""NEW"",""FIELD"",""CODE"",""USE"",""NUMERIC"",""ID"",""NOW"",""ON.\n"",""UPDATED"",""RESOURCESERVICE"",""STRUCTURE"",""IMAGE"",""RESOURCES"",""DIFFERENTLY"",""SO"",""S"",""POSSIBLE"",""USE"",""DIFFERENT"",""IMAGES"",""EACH"",""CONFERENCE.\n""],[""MERGE"",""FIX"",""GUITEST"",""COOKIEPOPUP"",""DEVELOP\n""],["""",""ADDED"",""ABILITY"",""READ"",""STYLE"",""INFORMATION"",""GIVEN"",""CONFERENCE"",""CONFERENCESERVICE\n"",""EXTENDED"",""CONFERENCE"",""REST"",""CONTROLLER"",""GENERATE"",""STYLES.CSS"",""RESOURCES"",""FLY\n""],[""ADDED"",""FULLYBOOKED"",""NUMBEROFFAVORITES"",""LOCATIONCAPACITY"",""MODEL\n""],[""FIXED"",""COMPILER"",""BUG\n""],[""REFACTORING"",""SPEAKER"",""IMAGE"",""SERVICE"",""ADDED"",""HERBSTCAMPUS"",""SPEAKER"",""IMAGES\n""],["""",""COMMENTED"",""COMMENTED"",""METHODS\n"",""ADDED"",""LITTLE"",""INLINE"",""DOCUMENTATION\n""],[""FIXED"",""MISSING"",""TRACK"",""INFORMATION"",""TALK"",""ADDED"",""SPEAKER"",""ID\n""],[""MAKE"",""ANNA"",""HAPPY:"",""RENAME"",""NOAUTHPREFERENCESSERVICE"",""CORRECT"",""NAME\n""],[""HAVE"",""TALKPROVIDER"",""DELIVERING"",""TALKS"",""DEMO"",""TALKS"",""NOW"",""LOADED"",""STATIC"",""FILE\n""],[""ADDED"",""TALK"",""LIST"",""SPEAKER\n""],[""MERGE"",""REQUEST"",""21"",""DUKECON/METADATA\n\nADDED"",""TALK"",""LIST"",""SPEAKER""],[""MERGE"",""FIX"",""GUITEST"",""COOKIEPOPUP"",""RELEASE/1.1\n""],[""NEVER"",""EVER"",""WRITE"",""DEBUGGING"",""MESSAGES"",""SYSTEM.OUT"",""USE"",""APPROPRIATE"",""LOGGING"",""INSTEAD"",""\n""],[""REST"",""SERVICE"",""USER"",""FILTERS"",""ADDED\n""],["""",""MADE"",""CONFERENCESERVICEIMPL"",""SAFE"",""NULLPOINTEREXCEPTIONS\n"",""MADE"",""RESOURCESERVICE"",""USE"",""SPEAKERIMAGESERVICE"",""PROVIDING"",""SPEAKER"",""IMAGES\n""],[""MERGE"",""REQUEST"",""20"",""DUKECON/METADATA\n\nADDED"",""SPEAKER"",""REST"",""SERVICE"",""MOVED"",""ALL"",""CURRENT"",""REST"",""SERVICES"",""UNDER"",""CONFERENCE""],["""",""REMOVED"",""PRIVATEOWNED"",""ATTRIBUTE\n""],[""REFACTORING"",""RAW"",""DATA"",""RESOURCE"",""MANAGEMENT\n""],[""FIXED"",""FAILING"",""TEST"",""AFTER"",""UI"",""ELEMENT"",""HAD"",""BEEN"",""RENAMED\n""],[""MERGE"",""REQUEST"",""35"",""AHUS1/PERSISTENT"",""CACHE\n\nADDING"",""HYSTRIX"",""AS"",""CIRCUIT"",""BREAKER"",""WHEN"",""CALLING"",""DOAG""],["""",""ADDED"",""SUPPORT"",""SCHED"",""CONFERENCES\n""],[""MAKE"",""METASERVICE"",""WORK"",""OTHER"",""CONFERENCES"",""AS"",""WELL\n""],[""MERGED\n""],[""ADDED"",""USER"",""PREFERENCES"",""PERSISTENCE"",""...\n""],[""INTERMEDIATE"",""STATE"",""READING"",""CONFERENCE"",""RESOURCES"",""WORKING"",""JAVALAND"",""2016"",""2017\n""],[""FIX:"",""AVOID"",""HTTP://JIRA.CODEHAUS.ORG/BROWSE/GRECLIPSE"",""1677"",""\n""],["""",""HOPEFULLY"",""FIX"",""TEST\n""],[""REFACTORING/RENAMING"",""TALK"",""DATA"",""PROVIDER\n""],["""",""IMPLEMENTED"",""FLEX"",""RESOURCESERVICE"",""THAT"",""LOADS"",""CACHES"",""IMAGE"",""RESOURCES"",""LOCATION"",""LANGUAGES"",""STREAMS\n"",""IMPLEMENTED"",""WORKING"",""JAVA"",""RESOURCESERVICE"",""WHICH"",""PROVIDES"",""IMAGE"",""RESOURCES"",""BY"",""SCANNING"",""WAR"",""CONTENT\n"",""ADDED"",""IMAGE"",""RESOURCES"",""STREAMS"",""LANGUAGES.\n\nTHE"",""SERVER"",""SIDE"",""INTERMEDIATE"",""SOLUTION"",""UNTIL"",""GENERIC"",""WAY"",""HANDLE"",""PERSISTENCE"",""IMAGE"",""DATA"",""STORED"",""DB"",""WHATSOEVER"",""\n""],[""RENAME"",""FIELD"",""TALK"",""ABSTRACT\n""],[""INCREASE"",""TIMEOUTS"",""BOTH"",""LOADING"",""GUI"",""TESTING\n""],[""ADDED"",""INIT"",""RESOURCE"",""RETRIEVING"",""CONFERENCE"",""ID"",""CONFERENCE"",""NAME"",""YEAR\n""],[""REDESIGNED"",""CONFERENCESERVICE"",""ROOT"",""SUB"",""RESOURCE"",""REST/CONFERENCES"",""NOW"",""DELIVERS"",""OBJECT"",""PER"",""CONFERENCE\n""],[""AVOID"",""DUPLICATES"",""TALKS"",""\n""],[""FIXING"",""HTML"",""CHANGE"",""PAGE"",""PAGE"",""MODEL\n""],[""ADDED"",""UNAUTHORIZED"",""ACCESS"",""SERVICE"",""TESTING"",""PURPOSES\n""],[""MERGE"",""FIX"",""GUI"",""TALKCELL"",""DEVELOP\n""],[""META"",""DATA"",""REST"",""SERVICE"",""IMPLEMENTED\n""],[""NEW"",""EVENT"",""FIELD"",""WILLBECOMEFULL"",""MAPPING"",""MAPPING"",""CAPACITY"",""TESTS"",""FIXED\n""],[""CLICK"",""COOKIE"",""DISCLAIMER"",""START"",""PAGE\n""],[""UPDATE"",""FIREFOX"",""DRIVER"",""2.53.1"",""CLEAN"",""PHANTOMJS"",""SELENIUM"",""TESTS"",""CLOSES"",""42\n""],[""ADDED"",""KEYCLOAK"",""AS"",""AUTH"",""PROVIDER"",""NEW"",""/REST/PREFERENCES"",""\n""],[""CREATE"",""INTERFACE"",""PROVIDING"",""CONFERENCE"",""DATA\n""],[""RENAMED"",""WILLBECOMEFULL"",""VERYPOPULAR"",""TESTS"",""FIXED\n""],[""CHANGED"",""FULLBOOKEDRESOURCE"",""ADMINRESOURCE"",""ADDED"",""EVENTBOOKINGRESOURCE\n""],[""MERGE"",""REMOTE"",""TRACKING"",""ORIGIN/DEVELOP"",""DEVELOP\n\n"",""CONFLICTS:\n"",""\tIMPL/SRC/MAIN/JAVA/ORG/DUKECON/SERVER/SERVICE/ABSTRACTPREFERENCESSERVICE.GROOVY\n""]]"
properties,"[[""ALLOW"",""ADMINS"",""REFRESH"",""CACHE"",""BY"",""USING"",""SPECIAL"",""SECURED"",""URL"",""8\n""],[""ADDED"",""LOGGING"",""...\n""],[""REDESIGNED"",""CONFERENCESERVICE"",""ROOT"",""SUB"",""RESOURCE"",""REST/CONFERENCES"",""NOW"",""DELIVERS"",""OBJECT"",""PER"",""CONFERENCE\n""],[""MOVED"",""CACHING"",""LOCATION"",""DOCKER"",""PROFILE\n""],[""REFACTORED"",""DIVIDE"",""BETWEEN"",""PROD"",""TEST"",""ENV"",""POSTGRESQL\n""],[""MERGE"",""REMOTE"",""TRACKING"",""ORIGIN/MASTER"",""DEVELOP\n""],[""MERGE"",""DEVELOP"",""FEATURE/POSTGRES\n\nCONFLICTS:\n\tIMPL/SRC/MAIN/RESOURCES/APPLICATION.PROPERTIES\n""],[""MERGE"",""MASTER"",""HTTPS://GITHUB.COM/DUKECON/DUKECON"",""SERVER\n""],[""MERGE"",""REQUEST"",""18"",""DUKECON/METADATA\n\nFIXED"",""MISSING"",""TRACK"",""INFORMATION"",""TALK"",""ADDED"",""SPEAKER"",""ID""],[""MERGE"",""RELEASE/1.1"",""DEVELOP\n""],[""FIX:"",""PRODUCTION"",""NOW"",""USES"",""HTTPS"",""\n""],[""SECURED"",""ADMIN"",""REST"",""INTERFACE\n""],[""ADDED"",""ICONS"",""METADATA\n""],[""MERGE"",""DEVELOP"",""HTTPS://GITHUB.COM/DUKECON/DUKECON"",""SERVER"",""DEVELOP\n""],[""CHANGED"",""2016"",""JAVALAND"",""INPUT"",""FILE\n""],["""",""ADDED"",""RESSOURCE"",""CLASS"",""WRAP"",""RESOURCES"",""SENT"",""BACK"",""BY"",""SERVER"",""INSTEAD"",""RELYING"",""MAP"",""MAPS\n""],[""ADDED"",""KEYCLOAK"",""AS"",""AUTH"",""PROVIDER"",""NEW"",""/REST/PREFERENCES"",""\n""],[""SWITCH"",""KEYCLOAK"",""URL"",""PRODUCTION\n""],[""FIX:"",""ADDED"",""CACHING"",""LOCATION\n""],[""STARTED"",""POSTGRESQL"",""DEVELOPMENT\n""],[""CHANGED"",""NOT"",""FOUND"",""RETURN"",""TYPE"",""IF"",""CONFERENCE"",""NOT"",""EXISTS\n"",""46"",""HTTPS://GITHUB.COM/DUKECON/DUKECON"",""SERVER/ISSUES/46\n""],[""REVERT"",""FIX:"",""LOG"",""$LOG"",""PATH"",""INSTEAD"",""RELATIVE"",""LOGS"","""",""THIS"",""DOES"",""NOT"",""SEEM"",""WORK"",""...\n\nTHIS"",""REVERTS"",""COMMIT"",""F00D0D85A7D925B8619BF6D9360BCEC06BAFD044.\n""],[""ADD"",""STYLE"",""PROPERTIES"",""JL2017\n""],[""MERGE"",""REQUEST"",""15"",""DUKECON/METADATA\n\nMETADATA""],[""ADDED"",""VERSIONEYE"",""PROJECT"",""ID\n""],[""FINISHED"",""POSTGRESQL"",""CONFIGURATION\nRENAMING"",""COLUMNS"",""TABLES\nFLYWAY"",""CORRECTIONS\n""],[""NORMALIZED"",""ALL"",""SERVER.CONTEXTPATH"",""CONFERENCE.URL"",""DATA\n""],[""MERGE"",""REQUEST"",""21"",""DUKECON/METADATA\n\nADDED"",""TALK"",""LIST"",""SPEAKER""],[""REFACTORING"",""META"",""DATA"",""EXTRACTION\n""],[""MERGE"",""COMMIT"",""8C34C90A52FAACE5042DAE835142D281D4CACF07"",""DEVELOP\n""],[""NO"",""SECRET"",""NECESSARY\n""],[""INCREASE"",""TIMEOUTS"",""BOTH"",""LOADING"",""GUI"",""TESTING\n""],[""UNUSED"",""FLYWAY"",""CONFIG"",""PARAMS"",""REMOVED\n""],[""ADDING"",""HYSTRIX"",""AS"",""CIRCUIT"",""BREAKER"",""WHEN"",""CALLING"",""DOAG"",""STORING"",""LATEST"",""SUCCESSFUL"",""RESPONSE"",""DISK"",""CLEANUP"",""TALKOLD.\n""],[""MERGE"",""MASTER"",""HTTPS://GITHUB.COM/DUKECON/DUKECON"",""SERVER"",""METADATA\n""],["""",""ADDED"",""SUPPORT"",""SCHED"",""CONFERENCES\n""],[""STARTED"",""TESTING"",""PHASE\n""],["""",""ADDED"",""ABILITY"",""READ"",""STYLE"",""INFORMATION"",""GIVEN"",""CONFERENCE"",""CONFERENCESERVICE\n"",""EXTENDED"",""CONFERENCE"",""REST"",""CONTROLLER"",""GENERATE"",""STYLES.CSS"",""RESOURCES"",""FLY\n""],[""PREPARE"",""RELEASE"",""CANDIDATE"",""\n""],[""MERGE"",""REQUEST"",""35"",""AHUS1/PERSISTENT"",""CACHE\n\nADDING"",""HYSTRIX"",""AS"",""CIRCUIT"",""BREAKER"",""WHEN"",""CALLING"",""DOAG""],[""MERGE"",""REQUEST"",""19"",""DUKECON/METADATA\n\nCHANGED"",""I18N"",""MESSAGE"",""KEY"",""LANGUAGE"",""STRING""],[""MERGED\n""],[""DROPPED"",""SCHED/"",""DIRECTORY\n""],[""MERGE"",""DEVELOP"",""FEATURE/MODULARIZE\n""],[""ADDED"",""USER"",""PREFERENCES"",""PERSISTENCE"",""...\n""],[""MERGE"",""REMOTE"",""TRACKING"",""UPSTREAM/DEVELOP"",""DEVELOP\n\n"",""CONFLICTS:\n"",""\tPOM.XML\n""],[""ADDED"",""UNAUTHORIZED"",""ACCESS"",""SERVICE"",""TESTING"",""PURPOSES\n""],[""ADD"",""PROPERTY"",""FILE"",""NEW"",""JAVALAND"",""CONFERENCE"",""ID\n""],[""DEFAULT"",""PG"",""HOST"",""POSTGRES"","">"",""ADD"",""LOCAL"",""PROFLE\n""],[""TESTDATA"",""ALSO"",""USES"",""LATEST/"",""KEYCLOAK\n""],[""MERGE"",""REQUEST"",""20"",""DUKECON/METADATA\n\nADDED"",""SPEAKER"",""REST"",""SERVICE"",""MOVED"",""ALL"",""CURRENT"",""REST"",""SERVICES"",""UNDER"",""CONFERENCE""],[""MOVED"",""IMPLEMENTATION"",""MODULE"",""SUB"",""FOLDER\n""],[""KEYCLOAK"",""SWITCHED"",""HTTPS\n""],[""ADDED"",""PRODUCTION"",""KEYCLOAK"",""PARAMS\n""],[""RUN"",""/DEVELOP"",""AS"",""DEFAULT"",""CONTEXTPATH\n""],[""MERGE"",""REQUEST"",""17"",""DUKECON/METADATA\n\nMETADATA""],[""FIX:"",""LOG"",""$LOG"",""PATH"",""INSTEAD"",""RELATIVE"",""LOGS"",""\n""],[""CHANGED"",""FULLBOOKEDRESOURCE"",""ADMINRESOURCE"",""ADDED"",""EVENTBOOKINGRESOURCE\n""],[""SPRING"",""NOW"",""RESPECTS"",""FORWARDED"",""*"",""HEADERS"",""8\n""],[""CALCULATING"",""PARTITION"",""EVENTS"",""CLOCK"",""SLICES"",""SERVER"",""SIDE"",""EVENT"",""SLICES"",""SLICEDEVENTS"",""AS"",""REST"",""SERVICE\n""],[""INITIAL"",""SPRING"",""BOOT"",""SETUP\n""],[""RENAMED"",""POSTGRESQL"",""DEFAULT"",""DB"",""NAME\n""],[""ADDED"",""/TESTING"",""KEYCLOAK\n""],[""ADDED"",""KEYCLOAK"",""REDIRECTURI\n""],[""REMOVE"",""SURPLUS"",""CONTENT"",""PROPERTY"",""FILE\n""],[""REPLACED"",""POSTGRESQL"",""PARAMETERS"",""BY"",""PLACEHOLDERS"",""MAKE"",""CONFIGURATION"",""EASIER\n""],[""SWITCHED"",""REAL"",""JAVALAND"",""2016"",""REST"",""URL\n""],[""ADDED"",""SECURITY"",""HINT\n""],[""MERGE"",""REQUEST"",""34"",""AHUS1/DEVELOP\n\nADDED"",""HEALTH"",""CHECK"",""SPRING"",""BOOT"",""STYLE""],[""REACTIVATED"",""INIT.JSON"",""DEVELOPMENT\n""],[""INTERMEDIATE"",""STATE"",""REFACTORING"",""MULTITENANT"",""DATA"",""PROVIDER\n""],[""SWITCH"",""JAVALAND"",""2017\n""],[""ADDED"",""CONTEXT"",""PATH"",""LATEST"",""INTEGRATION\n""],[""MAKING"",""PORT"",""8080"",""DEFAULT"",""OTHERWISE"",""REPLACEMENT"",""PROPERTIES"",""WILL"",""NOT"",""WORK"",""\n""],[""ENABLE"",""COMPRESSION\n""],[""ADDED"",""HEALTH"",""CHECK"",""SPRING"",""BOOT"",""STYLE\n""],[""ADDED"",""TESTDATA"",""SPRING"",""PROFILE\n""],[""REST"",""SERVICE"",""USER"",""FILTERS"",""ADDED\n""],[""ADDED"",""RELEASE"",""KEYCLOAK\n""],["""",""MADE"",""FLEX"",""APPLICATION"",""USE"",""STYLES"",""SENT"",""SERVER"",""OK"","".."",""CURRENTLY"",""I"",""JUST"",""USE"",""DARK"",""STYLE"",""COLOR"",""TITLES"",""\n"",""MADE"",""RESOURCESERVICEIMPL"",""CONFERENCESERVICEIMPL"",""LITTLE"",""SAFER"",""AGAINST"",""NPES\n"",""ADDED"",""LOCATION"",""LOCATION"",""MAP"",""SPEAKER"",""IMAGES"",""RESOURCES"",""OBJECT\n""],[""PREPARED"",""PRODUCTION\n""],[""READ"",""LOCAL"",""RAW"",""JSON"",""FILE"",""BY"",""DEFAULT\n""],[""MOVED"",""KEYCLOAK"",""UNIQUE"",""DOMAIN\n""]]"
csv,"[[""JAVALAND"",""SPEAKER"",""INFORMATION"",""ADDED\n""],[""MERGE"",""REMOTE"",""TRACKING"",""UPSTREAM/DEVELOP"",""DEVELOP\n\n"",""CONFLICTS:\n"",""\tPOM.XML\n""],[""MERGE"",""DEVELOP"",""HTTPS://GITHUB.COM/DUKECON/DUKECON"",""SERVER"",""DEVELOP\n""],[""ADDED"",""FIRST"",""LASTNAME"",""CLEANED"",""UP"",""TWITTER"",""HANDLES\n""],[""ADDED"",""TWITTER"",""HANDLES\n""],[""FINISHED"",""HERBSTCAMPUS"",""DATA"",""MAPPING\n""],[""REFACTORING"",""SPEAKER"",""MAPPING\n""],[""ADDED"",""FULLYBOOKED"",""NUMBEROFFAVORITES"",""LOCATIONCAPACITY"",""MODEL\n""],[""MERGE"",""REMOTE"",""TRACKING"",""ORIGIN/MASTER"",""DEVELOP\n""],[""MERGE"",""DEVELOP"",""FEATURE/TWITTER\n""],[""HERBSTCAMPUS"",""INPUT"",""FILE"",""LOADING"",""AS"",""RESOURCE\n""],[""MERGE"",""FIX"",""GUI"",""TALKCELL"",""DEVELOP\n""],[""ADDED"",""INTIAL"",""DATA"",""EXTRACTOR"",""HERBSTCAMPUS"",""CONFERENCE\n""]]"
json,"[[""MERGE"",""MASTER"",""HTTPS://GITHUB.COM/JUGDA/DUKECON"",""SERVER\n""],[""FIRST"",""DRAFT"",""META"",""API\n""],[""MERGE"",""REQUEST"",""15"",""DUKECON/METADATA\n\nMETADATA""],[""IGNORED"",""TEST"",""CASE"",""FIXED\n""],[""MERGE"",""MASTER"",""APIASMVN\n""],[""REMOVED"",""NOW"",""UNUSED"",""RAML"",""JSON"",""SCHEMA"",""FILES\n""],[""FIRST"",""DRAFT"",""TALKS"",""API\n""],[""HAVE"",""TALKPROVIDER"",""DELIVERING"",""TALKS"",""DEMO"",""TALKS"",""NOW"",""LOADED"",""STATIC"",""FILE\n""],[""MERGE"",""MASTER"",""HTTPS://GITHUB.COM/DUKECON/DUKECON"",""SERVER"",""METADATA\n""],[""MOVED"",""RAML"",""FILES"",""MAVEN"",""RESOURCES"",""FOLDER\n""],[""ADDED"",""JAVA"",""IMPLEMENTATION"",""HINTS"",""AVOID"",""UGLY"",""JSONXXX"",""CLASS"",""NAMES\n""],[""REFACTORING/RENAMING"",""TALK"",""DATA"",""PROVIDER\n""],[""MERGE"",""REMOTE"",""TRACKING"",""ORIGIN/MASTER"",""DEVELOP\n""],[""REMOVE"",""IMPLEMENTATION"",""DETAILS"",""SCHEMA"",""ADD"",""SCHEMA"",""SECTION"",""RAML"",""BETTER"",""CLASS"",""NAMING"",""WHILE"",""GENERATING"",""SOURCES\n""],[""TALKS"",""REST"",""SERVICE"",""V2"",""META"",""DATA"",""REFERENCE\nREFACTORING"",""META"",""DATA"",""LOOKUP\n""],[""MERGE"",""COMMIT"",""8C34C90A52FAACE5042DAE835142D281D4CACF07"",""DEVELOP\n""]]"
html,"[[""MERGE"",""REMOTE"",""TRACKING"",""UPSTREAM/DEVELOP"",""DEVELOP\n\n"",""CONFLICTS:\n"",""\tPOM.XML\n""],[""MERGE"",""REMOTE"",""TRACKING"",""ORIGIN/MASTER"",""DEVELOP\n""],[""ADDED"",""VERSIONS"",""INDEX\n""],[""ADDED"",""HTML5"",""OVERLAY"",""CALL"",""REST"",""SERVICE\n""],[""DROPPED"",""OLD"",""TEST"",""CONTENTS"",""WAR\n""]]"
yml,"[[""FIXED"",""CONFERENCE"",""CONFIG"",""BUG\nRETURN"",""STATUS"",""404"",""IF"",""CONFERENCE"",""CAN"",""NOT"",""BE"",""FOUND\n""],[""BIG"",""REFACTORING"",""MULTITENANT"",""CONFERENCE"",""DATAPROVIDERS"",""ADDED"",""INITIAL"",""WEBRESOURCEDATAPROVIDER"",""CONFIGURED"",""BEANDEFINITIONREGISTRY"",""IT\n""],[""REFACTORING"",""RAW"",""DATA"",""RESOURCE"",""MANAGEMENT\n""],[""SCHREIBFEHLER"",""BEHOBEN\n""],[""MERGE"",""DEVELOP"",""CONFERENCE"",""ADAPTER"",""MULTITENANT\n""],[""REFACTORING"",""DATAPROVIDER\n""],[""BIG"",""REFACTORING"",""MULTITENANT"",""CONFERENCE"",""DATAPROVIDERS\n""],[""UPDATE"",""CONFERENCES.YML""],[""FIXED"",""TEST"",""ERRORS"",""ADDED"",""SPRING"",""CONTEXT"",""INITIALIZER"",""SPRING"",""INTEGRATION"",""TESTS\n""],[""MERGE"",""DEVELOP"",""HTTPS://GITHUB.COM/DUKECON/DUKECON"",""SERVER"",""DEVELOP\n""],[""DATAVISION"",""2017"",""HINZUGEFGT\n""],[""SWITCH"",""OFFICIAL"",""DOAG"",""CONFERENCE"",""URL\n""],[""ADDED"",""EXTERNAL"",""CONFERENCE"",""CONFIGURATION\n""],[""FINISHED"",""HERBSTCAMPUS"",""DATA"",""MAPPING\n""],[""INTERMEDIATE"",""STATE"",""REFACTORING"",""MULTITENANT"",""DATA"",""PROVIDER\n""],[""REFACTORING"",""DATA"",""LOADING"",""RE"",""ENABLING"",""HYSTRIX\n""],[""ADDED"",""APEX"",""2017"",""DOAG"",""2016"",""CONFERENCES"",""LIST""],[""INTERMEDIATE"",""STATE"",""READING"",""CONFERENCE"",""RESOURCES"",""WORKING"",""JAVALAND"",""2016"",""2017\n""],[""JAVALAND"",""SPEAKER"",""INFORMATION"",""ADDED\n""],[""BUGFIX"",""SPEAKER"",""DATA\n""],[""MERGE"",""REMOTE"",""TRACKING"",""UPSTREAM/DEVELOP"",""DEVELOP\n\n"",""CONFLICTS:\n"",""\tPOM.XML\n""]]"
ftl,"[[""ADD"",""STYLES"",""STYLES.FTL\n""],[""MERGE"",""REMOTE"",""TRACKING"",""UPSTREAM/DEVELOP"",""DEVELOP\n\n"",""CONFLICTS:\n"",""\tPOM.XML\n""],["""",""UPDATED"",""STYLES"",""TEMPLATE\n""],["""",""ADDED"",""ABILITY"",""READ"",""STYLE"",""INFORMATION"",""GIVEN"",""CONFERENCE"",""CONFERENCESERVICE\n"",""EXTENDED"",""CONFERENCE"",""REST"",""CONTROLLER"",""GENERATE"",""STYLES.CSS"",""RESOURCES"",""FLY\n""],[""MERGE"",""DEVELOP"",""HTTPS://GITHUB.COM/DUKECON/DUKECON"",""SERVER"",""DEVELOP\n""]]"
txt,"[[""ADDED"",""SERVER"",""VERSION.TXT"",""GIT"",""DATA\n""],[""MERGE"",""DEVELOP"",""FEATURE/POSTGRES\n\nCONFLICTS:\n\tIMPL/SRC/MAIN/RESOURCES/APPLICATION.PROPERTIES\n""],[""MERGE"",""REMOTE"",""TRACKING"",""ORIGIN/MASTER"",""DEVELOP\n""],[""MERGE"",""MASTER"",""HTTPS://GITHUB.COM/JUGDA/DUKECON"",""SERVER\n\n"",""BY"",""FALK"",""SIPPACH\n"",""VIA"",""FALK"",""SIPPACH\n*"",""MASTER"",""HTTPS://GITHUB.COM/JUGDA/DUKECON"",""SERVER:\n"",""POM.XML"",""TIDIED"",""UP"",""INTELLIJ"",""IDEA"",""PROBLEM"",""SPRING"",""BOOT"",""TOMCAT"",""FIXED\n""],[""STARTED"",""POSTGRESQL"",""DEVELOPMENT\n""],[""MERGE"",""MASTER"",""HTTPS://GITHUB.COM/JUGDA/DUKECON"",""SERVER\n""],[""COOL"",""SPRING"",""BOOT"",""STARTUP"",""BANNER\n""],[""MERGE"",""REMOTE"",""TRACKING"",""UPSTREAM/DEVELOP"",""DEVELOP\n\n"",""CONFLICTS:\n"",""\tPOM.XML\n""]]"
gitignore,"[[""MERGE"",""DEVELOP"",""FEATURE/POSTGRES\n\nCONFLICTS:\n\tIMPL/SRC/MAIN/RESOURCES/APPLICATION.PROPERTIES\n""],[""PROOF"",""CONCEPT"",""GUI"",""TESTING"",""JGIVEN"",""ARQUILLIAN\n""],[""ADD"",""GENERIC"",""ARCHITECTURE"",""DOCUMENTATION\n""],[""MERGE"",""MASTER"",""HTTPS://GITHUB.COM/JUGDA/DUKECON"",""SERVER\n\n"",""BY"",""GERD"",""ASCHEMANN\n"",""VIA"",""GERD"",""ASCHEMANN\n*"",""MASTER"",""HTTPS://GITHUB.COM/JUGDA/DUKECON"",""SERVER:\n"",""UPDATE"",""README.MD\n"",""ADDED"",""VERSIONEYE"",""DEPENDENCY"",""STATUS\n"",""MAKE"",""VERSIONEYE"",""HAPPY\n""],[""MERGE"",""MASTER"",""APIASMVN\n""],[""MERGE"",""DEVELOP"",""CONFERENCE"",""ADAPTER"",""MULTITENANT\n""],[""MERGE"",""FEATURE/BLAZEDS"",""SERVER"",""DEVELOP\n""],[""MERGE"",""MASTER"",""HTTPS://GITHUB.COM/DUKECON/DUKECON"",""SERVER\n""],[""MERGE"",""REQUEST"",""35"",""AHUS1/PERSISTENT"",""CACHE\n\nADDING"",""HYSTRIX"",""AS"",""CIRCUIT"",""BREAKER"",""WHEN"",""CALLING"",""DOAG""],[""GITIGNORE"",""ADDED\n""],[""MERGE"",""REQUEST"",""32"",""AHUS1/AHUS1"",""GUITEST\n\nPROOF"",""CONCEPT"",""GUI"",""TESTING"",""JGIVEN"",""ARQUILLIAN""],[""ADD"",""IDEA"",""SETTINGS"","".GITIGNORE\n""],[""MERGE"",""REMOTE"",""TRACKING"",""ORIGIN/MASTER"",""DEVELOP\n""],[""MERGE"",""COMMIT"",""8C34C90A52FAACE5042DAE835142D281D4CACF07"",""DEVELOP\n""],[""MERGE"",""REMOTE"",""TRACKING"",""UPSTREAM/DEVELOP"",""DEVELOP\n\n"",""CONFLICTS:\n"",""\tPOM.XML\n""],[""IGNORE"",""ECLIPSE"",""ARTIFACTS\n""],[""OVERLAY"",""DIRECTORY"",""IGNORED\n""],[""ADDED"",""LOGGING"",""...\n""],[""CLEANED"",""UP"",""GIT"",""IGNORE"",""LIST\n""],[""REFACTORING"",""SPEAKER"",""IMAGE"",""SERVICE"",""ADDED"",""HERBSTCAMPUS"",""SPEAKER"",""IMAGES\n""],[""ADDED"",""SWAGGER2MARKUP\n""],[""ADDING"",""HYSTRIX"",""AS"",""CIRCUIT"",""BREAKER"",""WHEN"",""CALLING"",""DOAG"",""STORING"",""LATEST"",""SUCCESSFUL"",""RESPONSE"",""DISK"",""CLEANUP"",""TALKOLD.\n""],[""LAST"",""INPUT"",""JSON"",""FILE"",""VERSION"",""FINISHED"",""JAVALAND"",""2016"",""JFS"",""2016\n""],[""ACCESS"",""CONFERENCES"",""REST"",""SERVICE"",""ADDITIONALLY"",""REST/CONFERENCES/ID.JSON\n""],[""BIG"",""REFACTORING"",""MULTITENANT"",""CONFERENCE"",""DATAPROVIDERS\n""],[""IGNORE"",""BACKUP"",""DATA"",""LOCAL"",""RUNS\n""]]"
cmd,"[[""ADDING"",""MAVEN"",""WRAPPER"",""MAKE"",""ENABLE"",""BUILD"",""DUKECON"",""INFRA\n""],[""MERGE"",""COMMIT"",""8C34C90A52FAACE5042DAE835142D281D4CACF07"",""DEVELOP\n""],[""MERGE"",""DEVELOP"",""FEATURE/POSTGRES\n\nCONFLICTS:\n\tIMPL/SRC/MAIN/RESOURCES/APPLICATION.PROPERTIES\n""],[""MERGE"",""REQUEST"",""33"",""AHUS1/DEVELOP\n\nADDING"",""MAVEN"",""WRAPPER"",""MAKE"",""ENABLE"",""BUILD"",""DUKECON"",""INFRA""],[""MERGE"",""REMOTE"",""TRACKING"",""ORIGIN/MASTER"",""DEVELOP\n""]]"
sh,"[[""USE"",""JAVA"",""VERSION"",""PROVIDED"",""BY"",""JAVA"",""HOME\n"",""CHERRY"",""PICKED"",""COMMIT"",""1615B16"",""\n""],[""MERGE"",""FIX"",""GUI"",""TALKCELL"",""DEVELOP\n""],[""FIXING"",""SHEBANG"",""LINE\n""],[""MERGE"",""REMOTE"",""TRACKING"",""ORIGIN/MASTER"",""DEVELOP\n""],[""MERGE"",""DEVELOP"",""FEATURE/POSTGRES\n\nCONFLICTS:\n\tIMPL/SRC/MAIN/RESOURCES/APPLICATION.PROPERTIES\n""],[""USING"",""XVFB"",""WRAPPER"",""HEADLESS"",""TESTING\n""],[""SHOW"",""ALL"",""ENVIRONMENT"",""VARIABLES\n""],[""MERGE"",""REMOTE"",""TRACKING"",""UPSTREAM/DEVELOP"",""DEVELOP\n\n"",""CONFLICTS:\n"",""\tPOM.XML\n""],[""ENABLE"",""ERROR"",""LOGGING"",""XVFB"",""RUN\n""],[""AVOID"",""MISLEADING"",""WARNING"",""MESSAGES"",""WHEN"",""STARTING"",""FIREFOX\n""]]"
,"[[""MERGE"",""COMMIT"",""8C34C90A52FAACE5042DAE835142D281D4CACF07"",""DEVELOP\n""],[""MERGE"",""DEVELOP"",""FEATURE/POSTGRES\n\nCONFLICTS:\n\tIMPL/SRC/MAIN/RESOURCES/APPLICATION.PROPERTIES\n""],[""ADDING"",""MAVEN"",""WRAPPER"",""MAKE"",""ENABLE"",""BUILD"",""DUKECON"",""INFRA\n""],[""MAKE"",""MAVEN"",""WRAPPER"",""EXECUTABLE"",""\n""],[""MERGE"",""REQUEST"",""33"",""AHUS1/DEVELOP\n\nADDING"",""MAVEN"",""WRAPPER"",""MAKE"",""ENABLE"",""BUILD"",""DUKECON"",""INFRA""],[""MERGE"",""REMOTE"",""TRACKING"",""ORIGIN/MASTER"",""DEVELOP\n""],[""LOCALLY"",""FIXED"",""TAKARI/MAVEN"",""WRAPPER/"",""18\n\n"",""SET"",""SYMLINK"",""CURRENTJDK"",""/LIBRARY/JAVA/JAVAVIRTUALMACHINES"",""AS"",""WELL"",""\n""]]"