Author,FileType,WordsByAuthorByFileType
annam002,xml,"[[""MERGE"",""DEVELOP"",""FEATURE/MODULARIZE\n""]]"
Falk Sippach,ftl,"[[""MERGE"",""DEVELOP"",""HTTPS://GITHUB.COM/DUKECON/DUKECON"",""SERVER"",""DEVELOP\n""]]"
Alexander Schwartz,json,"[[""MERGE"",""COMMIT"",""8C34C90A52FAACE5042DAE835142D281D4CACF07"",""DEVELOP\n""]]"
Niko Köbler,xml,"[[""UPDATED"",""JAXRS"",""ANALYZER"",""PLUGIN\n""],[""MOVED"",""MODEL"",""CLASSES"",""API"",""PACKAGE"",""INTRODUCE"",""PARENT"",""POM"",""STRUCTURE"",""GENERATE"",""SWAGGER.JSON"",""FILE"",""API"",""MODULE"",""TARGET"",""FOLDER\n""],[""REMOVE"",""MAVEN"",""REDUNDANCIES\n""],[""ADD"",""SWAGGER"",""GENERATION"",""BUILD"",""SO"",""CAN"",""GENERATE"",""SWAGGER"",""DOC"",""WITHOUT"",""HAVING"",""SWAGGER"",""ANNOTATIONS"",""CODE"",""\n""],[""EXPLICIT"",""GROOVY"",""SPOCK"",""VERSIONS"",""MAKE"",""TESTS"",""RUN"",""IGNORE"",""\n""],[""MERGE"",""MASTER"",""HTTPS://GITHUB.COM/JUGDA/DUKECON"",""SERVER\n\n"",""BY"",""CHRISTOFER"",""DUTZ\n"",""VIA"",""CHRISTOFER"",""DUTZ\n*"",""MASTER"",""HTTPS://GITHUB.COM/JUGDA/DUKECON"",""SERVER:\n"",""ADDED"",""CONFIG"",""NEEDED"",""EMBED"",""FLEX"",""CLIENT"",""WAR"",""COMMENTED"",""\n""],[""MAKE"",""TESTS"",""RUN"",""SPOCK\n""],[""USE"",""ALL"",""GROOVY"",""BECAUSE"",""JSON"",""\n""],[""MERGE"",""MASTER"",""HTTPS://GITHUB.COM/JUGDA/DUKECON"",""SERVER\n\n"",""BY"",""GERD"",""ASCHEMANN\n"",""VIA"",""GERD"",""ASCHEMANN\n*"",""MASTER"",""HTTPS://GITHUB.COM/JUGDA/DUKECON"",""SERVER:\n"",""UPDATE"",""README.MD\n"",""ADDED"",""VERSIONEYE"",""DEPENDENCY"",""STATUS\n"",""MAKE"",""VERSIONEYE"",""HAPPY\n""],[""MERGE"",""MASTER"",""HTTPS://GITHUB.COM/JUGDA/DUKECON"",""SERVER\n\n"",""BY"",""FALK"",""SIPPACH\n"",""VIA"",""FALK"",""SIPPACH\n*"",""MASTER"",""HTTPS://GITHUB.COM/JUGDA/DUKECON"",""SERVER:\n"",""POM.XML"",""TIDIED"",""UP"",""INTELLIJ"",""IDEA"",""PROBLEM"",""SPRING"",""BOOT"",""TOMCAT"",""FIXED\n""]]"
Gerd Aschemann,sql,"[[""MERGE"",""REMOTE"",""TRACKING"",""ORIGIN/MASTER"",""DEVELOP\n""],[""STARTED"",""POSTGRESQL"",""DEVELOPMENT\n""],[""ADDED"",""USER"",""PREFERENCES"",""PERSISTENCE"",""...\n""]]"
Gerd Aschemann,raw_community,"[[""MERGE"",""REMOTE"",""TRACKING"",""ORIGIN/MASTER"",""DEVELOP\n""]]"
annam002,travis,"[[""MERGE"",""DEVELOP"",""FEATURE/MODULARIZE\n""]]"
Gerd Aschemann,md,"[[""MERGE"",""REMOTE"",""TRACKING"",""ORIGIN/MASTER"",""DEVELOP\n""],[""ADDED"",""VERSIONEYE"",""DEPENDENCY"",""STATUS\n""],[""MERGE"",""MASTER"",""APIASMVN\n""],[""MERGE"",""REQUEST"",""34"",""AHUS1/DEVELOP\n\nADDED"",""HEALTH"",""CHECK"",""SPRING"",""BOOT"",""STYLE""],[""MERGE"",""REQUEST"",""32"",""AHUS1/AHUS1"",""GUITEST\n\nPROOF"",""CONCEPT"",""GUI"",""TESTING"",""JGIVEN"",""ARQUILLIAN""],[""UPDATE"",""README.MD\n\nADDED"",""LABEL"",""VERSIONEYE"",""STATUS""],[""UPDATED"",""VERSIONEYE"",""DEPENDENCY"",""BADGES\n""]]"
Stephanie Peters,java,"[[""ATTEMPT"",""FIX"",""TEST"",""AFTER"",""CHANGING"",""HTML\n""]]"
"Aschemann, Gerd",raw,"[[""READ"",""LOCAL"",""RAW"",""JSON"",""FILE"",""BY"",""DEFAULT\n""]]"
Falk Sippach,txt,"[[""MERGE"",""DEVELOP"",""FEATURE/POSTGRES\n\nCONFLICTS:\n\tIMPL/SRC/MAIN/RESOURCES/APPLICATION.PROPERTIES\n""]]"
Gerd Aschemann,mvn/wrapper/maven-wrapper,"[[""MERGE"",""REQUEST"",""33"",""AHUS1/DEVELOP\n\nADDING"",""MAVEN"",""WRAPPER"",""MAKE"",""ENABLE"",""BUILD"",""DUKECON"",""INFRA""],[""MERGE"",""REMOTE"",""TRACKING"",""ORIGIN/MASTER"",""DEVELOP\n""]]"
Falk Sippach,csv,"[[""MERGE"",""DEVELOP"",""HTTPS://GITHUB.COM/DUKECON/DUKECON"",""SERVER"",""DEVELOP\n""],[""ADDED"",""FULLYBOOKED"",""NUMBEROFFAVORITES"",""LOCATIONCAPACITY"",""MODEL\n""],[""ADDED"",""FIRST"",""LASTNAME"",""CLEANED"",""UP"",""TWITTER"",""HANDLES\n""],[""ADDED"",""INTIAL"",""DATA"",""EXTRACTOR"",""HERBSTCAMPUS"",""CONFERENCE\n""],[""FINISHED"",""HERBSTCAMPUS"",""DATA"",""MAPPING\n""],[""HERBSTCAMPUS"",""INPUT"",""FILE"",""LOADING"",""AS"",""RESOURCE\n""],[""REFACTORING"",""SPEAKER"",""MAPPING\n""],[""JAVALAND"",""SPEAKER"",""INFORMATION"",""ADDED\n""]]"
Falk Sippach,gitignore,"[[""GITIGNORE"",""ADDED\n""],[""ACCESS"",""CONFERENCES"",""REST"",""SERVICE"",""ADDITIONALLY"",""REST/CONFERENCES/ID.JSON\n""],[""REFACTORING"",""SPEAKER"",""IMAGE"",""SERVICE"",""ADDED"",""HERBSTCAMPUS"",""SPEAKER"",""IMAGES\n""],[""BIG"",""REFACTORING"",""MULTITENANT"",""CONFERENCE"",""DATAPROVIDERS\n""],[""MERGE"",""MASTER"",""HTTPS://GITHUB.COM/DUKECON/DUKECON"",""SERVER\n""],[""LAST"",""INPUT"",""JSON"",""FILE"",""VERSION"",""FINISHED"",""JAVALAND"",""2016"",""JFS"",""2016\n""],[""MERGE"",""DEVELOP"",""FEATURE/POSTGRES\n\nCONFLICTS:\n\tIMPL/SRC/MAIN/RESOURCES/APPLICATION.PROPERTIES\n""],[""OVERLAY"",""DIRECTORY"",""IGNORED\n""],[""ADDED"",""SWAGGER2MARKUP\n""]]"
Niko Köbler,travis,"[[""INITIAL"",""BASIC"",""TRAVIS"",""FILE\n""]]"
Dirk Mahler,raw,"[[""MERGE"",""REMOTE"",""TRACKING"",""UPSTREAM/DEVELOP"",""DEVELOP\n\n"",""CONFLICTS:\n"",""\tPOM.XML\n""]]"
Dirk Mahler,yml,"[[""MERGE"",""REMOTE"",""TRACKING"",""UPSTREAM/DEVELOP"",""DEVELOP\n\n"",""CONFLICTS:\n"",""\tPOM.XML\n""]]"
Alexander Schwartz,gitignore,"[[""MERGE"",""COMMIT"",""8C34C90A52FAACE5042DAE835142D281D4CACF07"",""DEVELOP\n""],[""PROOF"",""CONCEPT"",""GUI"",""TESTING"",""JGIVEN"",""ARQUILLIAN\n""],[""ADDING"",""HYSTRIX"",""AS"",""CIRCUIT"",""BREAKER"",""WHEN"",""CALLING"",""DOAG"",""STORING"",""LATEST"",""SUCCESSFUL"",""RESPONSE"",""DISK"",""CLEANUP"",""TALKOLD.\n""]]"
Dirk Mahler,adoc,"[[""MERGE"",""REMOTE"",""TRACKING"",""UPSTREAM/DEVELOP"",""DEVELOP\n\n"",""CONFLICTS:\n"",""\tPOM.XML\n""],["""",""ADDED"",""BASIC"",""JQA"",""RULES"",""VISUALIZING"",""SPRING"",""COMPONENTS"",""DEPENDENCIES\n""]]"
Falk Sippach,,"[[""MERGE"",""DEVELOP"",""FEATURE/POSTGRES\n\nCONFLICTS:\n\tIMPL/SRC/MAIN/RESOURCES/APPLICATION.PROPERTIES\n""]]"
Gerd Aschemann,properties,"[[""SWITCH"",""KEYCLOAK"",""URL"",""PRODUCTION\n""],[""MERGE"",""REMOTE"",""TRACKING"",""ORIGIN/MASTER"",""DEVELOP\n""],[""ADDED"",""KEYCLOAK"",""AS"",""AUTH"",""PROVIDER"",""NEW"",""/REST/PREFERENCES"",""\n""],[""PREPARE"",""RELEASE"",""CANDIDATE"",""\n""],[""MERGE"",""REQUEST"",""35"",""AHUS1/PERSISTENT"",""CACHE\n\nADDING"",""HYSTRIX"",""AS"",""CIRCUIT"",""BREAKER"",""WHEN"",""CALLING"",""DOAG""],[""MERGE"",""MASTER"",""HTTPS://GITHUB.COM/DUKECON/DUKECON"",""SERVER\n""],[""ADDED"",""KEYCLOAK"",""REDIRECTURI\n""],[""MOVED"",""CACHING"",""LOCATION"",""DOCKER"",""PROFILE\n""],[""NORMALIZED"",""ALL"",""SERVER.CONTEXTPATH"",""CONFERENCE.URL"",""DATA\n""],[""ADDED"",""USER"",""PREFERENCES"",""PERSISTENCE"",""...\n""],[""STARTED"",""TESTING"",""PHASE\n""],[""MOVED"",""KEYCLOAK"",""UNIQUE"",""DOMAIN\n""],[""DEFAULT"",""PG"",""HOST"",""POSTGRES"","">"",""ADD"",""LOCAL"",""PROFLE\n""],[""MERGE"",""RELEASE/1.1"",""DEVELOP\n""],[""ENABLE"",""COMPRESSION\n""],[""REVERT"",""FIX:"",""LOG"",""$LOG"",""PATH"",""INSTEAD"",""RELATIVE"",""LOGS"","""",""THIS"",""DOES"",""NOT"",""SEEM"",""WORK"",""...\n\nTHIS"",""REVERTS"",""COMMIT"",""F00D0D85A7D925B8619BF6D9360BCEC06BAFD044.\n""],[""ADDED"",""VERSIONEYE"",""PROJECT"",""ID\n""],[""PREPARED"",""PRODUCTION\n""],[""ADDED"",""TESTDATA"",""SPRING"",""PROFILE\n""],[""MERGE"",""REQUEST"",""34"",""AHUS1/DEVELOP\n\nADDED"",""HEALTH"",""CHECK"",""SPRING"",""BOOT"",""STYLE""],[""STARTED"",""POSTGRESQL"",""DEVELOPMENT\n""],[""NO"",""SECRET"",""NECESSARY\n""],[""FIX:"",""ADDED"",""CACHING"",""LOCATION\n""],[""ADDED"",""/TESTING"",""KEYCLOAK\n""],[""MOVED"",""IMPLEMENTATION"",""MODULE"",""SUB"",""FOLDER\n""],[""ADDED"",""LOGGING"",""...\n""],[""REPLACED"",""POSTGRESQL"",""PARAMETERS"",""BY"",""PLACEHOLDERS"",""MAKE"",""CONFIGURATION"",""EASIER\n""],[""ADDED"",""PRODUCTION"",""KEYCLOAK"",""PARAMS\n""],[""RUN"",""/DEVELOP"",""AS"",""DEFAULT"",""CONTEXTPATH\n""],[""SWITCH"",""JAVALAND"",""2017\n""],[""KEYCLOAK"",""SWITCHED"",""HTTPS\n""],[""ADDED"",""UNAUTHORIZED"",""ACCESS"",""SERVICE"",""TESTING"",""PURPOSES\n""],[""ADDED"",""RELEASE"",""KEYCLOAK\n""],[""DROPPED"",""SCHED/"",""DIRECTORY\n""],[""ADDED"",""CONTEXT"",""PATH"",""LATEST"",""INTEGRATION\n""],[""FIX:"",""PRODUCTION"",""NOW"",""USES"",""HTTPS"",""\n""],[""FIX:"",""LOG"",""$LOG"",""PATH"",""INSTEAD"",""RELATIVE"",""LOGS"",""\n""],[""SWITCHED"",""REAL"",""JAVALAND"",""2016"",""REST"",""URL\n""],[""TESTDATA"",""ALSO"",""USES"",""LATEST/"",""KEYCLOAK\n""],[""ADDED"",""SECURITY"",""HINT\n""]]"
Alexander Schwartz,sh,"[[""FIXING"",""SHEBANG"",""LINE\n""],[""SHOW"",""ALL"",""ENVIRONMENT"",""VARIABLES\n""],[""USING"",""XVFB"",""WRAPPER"",""HEADLESS"",""TESTING\n""],[""MERGE"",""FIX"",""GUI"",""TALKCELL"",""DEVELOP\n""],[""USE"",""JAVA"",""VERSION"",""PROVIDED"",""BY"",""JAVA"",""HOME\n"",""CHERRY"",""PICKED"",""COMMIT"",""1615B16"",""\n""],[""AVOID"",""MISLEADING"",""WARNING"",""MESSAGES"",""WHEN"",""STARTING"",""FIREFOX\n""]]"
Christofer Dutz,xml,"[[""FIXED"",""BUILD"",""ERRORS"",""REPORTED"",""BY"",""DEPENDECY"",""CHECKER"",""PLUGIN\n""],["""",""REMOVED"",""DUPLICATE"",""OVERLAY\n""],["""",""REMOVED"",""BI"",""DIRECTIONAL"",""PROPERTIES\n"",""MOVED"",""METADATA"",""PROPERTIES"",""BACK"",""CONFERENCE\n"",""FINE"",""TUNED"",""MODEL"",""CLASSES\n"",""FINE"",""TUNED"",""SERIALIZATION"",""SERIALIZE"",""JAVA"",""LOCALDATETIME"",""OBJECTS"",""AS"",""ACTIONSCRIPT"",""DATE"",""OBJECTS\n""],["""",""INCREASED"",""BLAZEDS"",""SECURITY"",""SETTINGS"",""BY"",""WHITELISTING"",""CLASSES"",""AVAILABLE"",""DESERIALIZATION\n""],["""",""UPDATED"",""VERSIONEYE"",""PLUGIN"",""3.10.2"",""HOPEFULLY"",""GET"",""RID"",""ERRORS"",""JENKINS"",""BUILD\n"",""JAVAX.NET.SSL.SSLEXCEPTION:"",""CERTIFICATE"",""<WWW.VERSIONEYE.COM>"",""DOESN"",""T"",""MATCH"",""ANY"",""SUBJECT"",""ALTERNATIVE"",""NAMES:"",""[SENGAA.VERSIONEYE.COM]"",""\n""],["""",""ADDED"",""CRUDSERVICE"",""INTERFACHE\n"",""ADDED"",""INITIAL"",""CONFERENCESERVICE"",""INTERFACE\n"",""ADDED"",""INITIAL"",""CONFERENCESERVICEIMPL\n"",""ADDED"",""INITIAL"",""SUPPORT"",""BLAZEDS\n""],["""",""TRIED"",""GET"",""RID"",""NASTY"",""WARNINGS"",""BUILD.\n""],["""",""GET"",""UNIT"",""TESTS"",""WORKING"",""BLYZEDS\n""],["""",""MAJOR"",""REFACTORING\n""],["""",""IMPLEMENTED"",""FLEX"",""RESOURCESERVICE"",""THAT"",""LOADS"",""CACHES"",""IMAGE"",""RESOURCES"",""LOCATION"",""LANGUAGES"",""STREAMS\n"",""IMPLEMENTED"",""WORKING"",""JAVA"",""RESOURCESERVICE"",""WHICH"",""PROVIDES"",""IMAGE"",""RESOURCES"",""BY"",""SCANNING"",""WAR"",""CONTENT\n"",""ADDED"",""IMAGE"",""RESOURCES"",""STREAMS"",""LANGUAGES.\n\nTHE"",""SERVER"",""SIDE"",""INTERMEDIATE"",""SOLUTION"",""UNTIL"",""GENERIC"",""WAY"",""HANDLE"",""PERSISTENCE"",""IMAGE"",""DATA"",""STORED"",""DB"",""WHATSOEVER"",""\n""],[""ADDED"",""CONFIG"",""NEEDED"",""EMBED"",""FLEX"",""CLIENT"",""WAR"",""COMMENTED"",""\n""],[""FIXED"",""DOC"",""GENERATION.\n"",""SWAGGER"",""GENERATES"",""CODE"",""BASED"",""COMPILED"",""CLASSES"",""THEREFORE"",""NEED"",""EXECUTE"",""AFTER"",""COMPILE.\n""],["""",""DEACTIVATED"",""VERSIONEYE"",""MAVEN"",""PLUGIN"",""NOW"",""AS"",""SEEM"",""BE"",""ISSUES"",""PLUGIN\n""],["""",""ADDED"",""FIRST"",""VERSION"",""RESOURCESERVICE"",""WHICH"",""WILL"",""RETURN"",""IMAGE"",""RESOURCES"",""NEEDED"",""BY"",""FLEX"",""CLIENT.\n"",""CHANGED"",""BUILD"",""CONFIG"",""USE"",""WAR"",""OVERLAYS"",""INSTEAD"",""DEPENDENCY"",""PLUGIN"",""EMBEDDING"",""HTML"",""CLIENT\n"",""ADDED"",""FAILSAFE"",""CONFIGRUATION"",""RUN"",""INTEGRATION"",""TEST"",""PHASE"",""MOVED"",""GUI"",""TESTS"",""BEING"",""INTEGRATION"",""TESTS"",""BY"",""RENAMING"",""THEM"",""XYZTEST"",""XYZIT\n""],["""",""COMMENTED"",""PROPERTY"",""ACTIVEMQ.VERSION"",""AS"",""THIS"",""SEEMS"",""CAUSED"",""PROBLEMS"",""DEPENDENCY"",""CONVERGENCE"",""REPORT.\n""],["""",""SWITCHED"",""TRACE"",""LOGGING"",""FLEX"",""LOGGING"",""FRAMEWORK.\n""],["""",""COMMENTED"",""VERSIONEYE"",""PLUGIN"",""DEFINITION\n""],["""",""ADDED"",""ABILITY"",""READ"",""STYLE"",""INFORMATION"",""GIVEN"",""CONFERENCE"",""CONFERENCESERVICE\n"",""EXTENDED"",""CONFERENCE"",""REST"",""CONTROLLER"",""GENERATE"",""STYLES.CSS"",""RESOURCES"",""FLY\n""]]"
Falk Sippach,jboss,"[[""MERGE"",""DEVELOP"",""FEATURE/POSTGRES\n\nCONFLICTS:\n\tIMPL/SRC/MAIN/RESOURCES/APPLICATION.PROPERTIES\n""]]"
Alexander Schwartz,,"[[""MERGE"",""COMMIT"",""8C34C90A52FAACE5042DAE835142D281D4CACF07"",""DEVELOP\n""],[""ADDING"",""MAVEN"",""WRAPPER"",""MAKE"",""ENABLE"",""BUILD"",""DUKECON"",""INFRA\n""]]"
Gerd Aschemann,gitattributes,"[[""MERGE"",""REMOTE"",""TRACKING"",""ORIGIN/MASTER"",""DEVELOP\n""],[""MERGE"",""REQUEST"",""33"",""AHUS1/DEVELOP\n\nADDING"",""MAVEN"",""WRAPPER"",""MAKE"",""ENABLE"",""BUILD"",""DUKECON"",""INFRA""]]"
Falk Sippach,yml,"[[""JAVALAND"",""SPEAKER"",""INFORMATION"",""ADDED\n""],[""REFACTORING"",""DATAPROVIDER\n""],[""UPDATE"",""CONFERENCES.YML""],[""FIXED"",""CONFERENCE"",""CONFIG"",""BUG\nRETURN"",""STATUS"",""404"",""IF"",""CONFERENCE"",""CAN"",""NOT"",""BE"",""FOUND\n""],[""MERGE"",""DEVELOP"",""HTTPS://GITHUB.COM/DUKECON/DUKECON"",""SERVER"",""DEVELOP\n""],[""BIG"",""REFACTORING"",""MULTITENANT"",""CONFERENCE"",""DATAPROVIDERS\n""],[""REFACTORING"",""DATA"",""LOADING"",""RE"",""ENABLING"",""HYSTRIX\n""],[""ADDED"",""APEX"",""2017"",""DOAG"",""2016"",""CONFERENCES"",""LIST""],[""REFACTORING"",""RAW"",""DATA"",""RESOURCE"",""MANAGEMENT\n""],[""FINISHED"",""HERBSTCAMPUS"",""DATA"",""MAPPING\n""],[""INTERMEDIATE"",""STATE"",""REFACTORING"",""MULTITENANT"",""DATA"",""PROVIDER\n""],[""FIXED"",""TEST"",""ERRORS"",""ADDED"",""SPRING"",""CONTEXT"",""INITIALIZER"",""SPRING"",""INTEGRATION"",""TESTS\n""],[""BUGFIX"",""SPEAKER"",""DATA\n""],[""INTERMEDIATE"",""STATE"",""READING"",""CONFERENCE"",""RESOURCES"",""WORKING"",""JAVALAND"",""2016"",""2017\n""],[""ADDED"",""EXTERNAL"",""CONFERENCE"",""CONFIGURATION\n""],[""BIG"",""REFACTORING"",""MULTITENANT"",""CONFERENCE"",""DATAPROVIDERS"",""ADDED"",""INITIAL"",""WEBRESOURCEDATAPROVIDER"",""CONFIGURED"",""BEANDEFINITIONREGISTRY"",""IT\n""]]"
Gerd Aschemann,jpg,"[[""MERGE"",""FEATURE/BLAZEDS"",""SERVER"",""DEVELOP\n""]]"
Dirk Mahler,sh,"[[""MERGE"",""REMOTE"",""TRACKING"",""UPSTREAM/DEVELOP"",""DEVELOP\n\n"",""CONFLICTS:\n"",""\tPOM.XML\n""]]"
Stephanie Peters,ftl,"[[""ADD"",""STYLES"",""STYLES.FTL\n""]]"
Falk Sippach,raw,"[[""MERGE"",""REQUEST"",""21"",""DUKECON/METADATA\n\nADDED"",""TALK"",""LIST"",""SPEAKER""],[""MERGE"",""MASTER"",""HTTPS://GITHUB.COM/DUKECON/DUKECON"",""SERVER"",""METADATA\n""],[""MERGED\n""],[""SWITCHED"",""INIT.JSON"",""REST/CONFERENCES"",""TALKPROVIDER"",""CONFIGURATION"",""DATA\n""],[""MERGE"",""REQUEST"",""19"",""DUKECON/METADATA\n\nCHANGED"",""I18N"",""MESSAGE"",""KEY"",""LANGUAGE"",""STRING""],[""BUGFIX"",""SPEAKER"",""DATA\n""],[""LAST"",""INPUT"",""JSON"",""FILE"",""VERSION"",""FINISHED"",""JAVALAND"",""2016"",""JFS"",""2016\n""],[""MERGE"",""REQUEST"",""20"",""DUKECON/METADATA\n\nADDED"",""SPEAKER"",""REST"",""SERVICE"",""MOVED"",""ALL"",""CURRENT"",""REST"",""SERVICES"",""UNDER"",""CONFERENCE""],[""JAVALAND"",""SPEAKER"",""INFORMATION"",""ADDED\n""],[""CALCULATED"",""NUMBEROFFAVOURITES\n""],[""SPEAKER"",""IMAGES"",""REST"",""RESOURCE\n""],[""ADDED"",""TEST"",""DATA\n""],[""MERGE"",""REQUEST"",""17"",""DUKECON/METADATA\n\nMETADATA""],[""REFACTORING"",""META"",""DATA"",""EXTRACTION\n""],[""REFACTORING/RENAMING"",""TALK"",""DATA"",""PROVIDER\n""],[""MERGE"",""REQUEST"",""15"",""DUKECON/METADATA\n\nMETADATA""],[""REDESIGNED"",""INTERNAL"",""DATA"",""MODEL\nNEW"",""UPDATED"",""REST"",""SERVICES"",""CONFERENCE"",""METADATA"",""TALKS"",""V2"",""\n""],[""MERGE"",""REQUEST"",""18"",""DUKECON/METADATA\n\nFIXED"",""MISSING"",""TRACK"",""INFORMATION"",""TALK"",""ADDED"",""SPEAKER"",""ID""],[""BIG"",""REFACTORING"",""MULTITENANT"",""CONFERENCE"",""DATAPROVIDERS\n""],[""MERGE"",""REQUEST"",""16"",""DUKECON/METADATA\n\nMETADATA""],[""INTERMEDIATE"",""STATE"",""REFACTORING"",""MULTITENANT"",""DATA"",""PROVIDER\n""]]"
Niko Köbler,groovy,"[[""RENAME"",""FIELD"",""TALK"",""ABSTRACT\n""],[""HAVE"",""TALKPROVIDER"",""DELIVERING"",""TALKS"",""DEMO"",""TALKS"",""NOW"",""LOADED"",""STATIC"",""FILE\n""],[""EXPLICIT"",""GROOVY"",""SPOCK"",""VERSIONS"",""MAKE"",""TESTS"",""RUN"",""IGNORE"",""\n""],[""ADDED"",""DEMO"",""TALKS"",""JAVALAND"",""SERVER"","":"",""\n""],[""USE"",""GROOVY"",""BUILT"",""LOGGING\n""],[""MAKE"",""TESTS"",""RUN"",""SPOCK\n""],[""FIXED"",""ENCODING"",""ORIGIN"",""DATA\n""]]"
annam002,groovy,"[[""CREATE"",""INTERFACE"",""PROVIDING"",""CONFERENCE"",""DATA\n""],[""MERGE"",""DEVELOP"",""FEATURE/MODULARIZE\n""]]"
Alexander Schwartz,cmd,"[[""MERGE"",""COMMIT"",""8C34C90A52FAACE5042DAE835142D281D4CACF07"",""DEVELOP\n""],[""ADDING"",""MAVEN"",""WRAPPER"",""MAKE"",""ENABLE"",""BUILD"",""DUKECON"",""INFRA\n""]]"
Michal Harakal,xml,"[[""ADDED"",""SWAGGER"",""MAVEN"",""PLUGIN"",""GENERATING"",""SWAGGER.JSON"",""FILE"",""ACCORDING"",""SWAGGER"",""ANNOTATIONS\n""]]"
Michal Harakal,groovy,"[[""ADDED"",""SWAGGER"",""MAVEN"",""PLUGIN"",""GENERATING"",""SWAGGER.JSON"",""FILE"",""ACCORDING"",""SWAGGER"",""ANNOTATIONS\n""]]"
Alexander Schwartz,raw,"[[""MERGE"",""COMMIT"",""8C34C90A52FAACE5042DAE835142D281D4CACF07"",""DEVELOP\n""]]"
Falk Sippach,adoc,"[[""ADDED"",""SWAGGER2MARKUP\n""],[""MERGE"",""DEVELOP"",""FEATURE/POSTGRES\n\nCONFLICTS:\n\tIMPL/SRC/MAIN/RESOURCES/APPLICATION.PROPERTIES\n""]]"
Dirk Mahler,xml,"[[""MERGE"",""REMOTE"",""TRACKING"",""UPSTREAM/DEVELOP"",""DEVELOP\n\n"",""CONFLICTS:\n"",""\tPOM.XML\n""],[""MIGRATED"",""JQA"",""1.3.0\nADDED"",""JQA"",""GIT"",""PLUGIN\n""],["""",""ADDED"",""JQA"",""GRAPHML"",""REPORT"",""CONFIG"",""POM.XML\n""],[""UPGRADED"",""JQA"",""GIT"",""PLUGIN"",""1.2.0\n""]]"
Alexander Schwartz,jboss,"[[""MERGE"",""COMMIT"",""8C34C90A52FAACE5042DAE835142D281D4CACF07"",""DEVELOP\n""],[""PROOF"",""CONCEPT"",""GUI"",""TESTING"",""JGIVEN"",""ARQUILLIAN\n""]]"
Gerd Aschemann,java,"[[""MERGE"",""REQUEST"",""32"",""AHUS1/AHUS1"",""GUITEST\n\nPROOF"",""CONCEPT"",""GUI"",""TESTING"",""JGIVEN"",""ARQUILLIAN""],[""MERGE"",""FEATURE/BLAZEDS"",""SERVER"",""DEVELOP\n""],[""MERGE"",""REMOTE"",""TRACKING"",""ORIGIN/MASTER"",""DEVELOP\n""],[""NEVER"",""EVER"",""WRITE"",""DEBUGGING"",""MESSAGES"",""SYSTEM.OUT"",""USE"",""APPROPRIATE"",""LOGGING"",""INSTEAD"",""\n""],[""MERGE"",""DEVELOP"",""CONFERENCE"",""ADAPTER"",""MULTITENANT\n""],[""AVOID"",""MAPPING"",""TEST"",""SERVER"",""FIXED"",""PORT"",""...\n""],[""ADDED"",""KEYCLOAK"",""CONFIGURATION"",""SERVICE\n""],[""FIX:"",""AVOID"",""HTTP://JIRA.CODEHAUS.ORG/BROWSE/GRECLIPSE"",""1677"",""\n""],[""ADDED"",""UNAUTHORIZED"",""ACCESS"",""SERVICE"",""TESTING"",""PURPOSES\n""],[""ADDED"",""KEYCLOAK"",""AS"",""AUTH"",""PROVIDER"",""NEW"",""/REST/PREFERENCES"",""\n""],[""MERGE"",""MASTER"",""HTTPS://GITHUB.COM/DUKECON/DUKECON"",""SERVER\n""],[""MERGE"",""AHUS1"",""AHUS1"",""GUITEST"",""DEVELOP\n""],[""BUGFIX"",""PREFERENCE"",""UPLOAD:"",""JERSEY"",""NEEDS"",""DEFAULT"",""CONSTRUCTOR\n""],[""ADDED"",""USER"",""PREFERENCES"",""PERSISTENCE"",""...\n""],[""MERGE"",""FEATURE/TWITTER"",""DEVELOP\n""],[""ADDED"",""HTML5"",""OVERLAY"",""CALL"",""REST"",""SERVICE\n""],[""FIX:"",""JAVALAND"",""NOW"",""HAS"",""THREE"",""DAYS"",""INCLUDING"",""COMMUNITY"",""PROGRAM"",""MONDAY"",""\n""],[""MERGE"",""REQUEST"",""35"",""AHUS1/PERSISTENT"",""CACHE\n\nADDING"",""HYSTRIX"",""AS"",""CIRCUIT"",""BREAKER"",""WHEN"",""CALLING"",""DOAG""],[""AVOID"",""DUPLICATES"",""TALKS"",""\n""],[""MAKE"",""ANNA"",""HAPPY:"",""RENAME"",""NOAUTHPREFERENCESSERVICE"",""CORRECT"",""NAME\n""]]"
Falk Sippach,raml,"[[""MERGE"",""MASTER"",""HTTPS://GITHUB.COM/JUGDA/DUKECON"",""SERVER\n""]]"
Falk Sippach,cmd,"[[""MERGE"",""DEVELOP"",""FEATURE/POSTGRES\n\nCONFLICTS:\n\tIMPL/SRC/MAIN/RESOURCES/APPLICATION.PROPERTIES\n""]]"
Gerd Aschemann,html,"[[""ADDED"",""HTML5"",""OVERLAY"",""CALL"",""REST"",""SERVICE\n""],[""ADDED"",""VERSIONS"",""INDEX\n""],[""MERGE"",""REMOTE"",""TRACKING"",""ORIGIN/MASTER"",""DEVELOP\n""],[""DROPPED"",""OLD"",""TEST"",""CONTENTS"",""WAR\n""]]"
DukeCon Jenkins,sh,"[[""ENABLE"",""ERROR"",""LOGGING"",""XVFB"",""RUN\n""]]"
Dirk Mahler,travis,"[[""MERGE"",""REMOTE"",""TRACKING"",""UPSTREAM/DEVELOP"",""DEVELOP\n\n"",""CONFLICTS:\n"",""\tPOM.XML\n""]]"
Falk Sippach,sh,"[[""MERGE"",""DEVELOP"",""FEATURE/POSTGRES\n\nCONFLICTS:\n\tIMPL/SRC/MAIN/RESOURCES/APPLICATION.PROPERTIES\n""]]"
Gerd Aschemann,json,"[[""MERGE"",""MASTER"",""APIASMVN\n""],[""MERGE"",""MASTER"",""HTTPS://GITHUB.COM/JUGDA/DUKECON"",""SERVER\n""],[""ADDED"",""JAVA"",""IMPLEMENTATION"",""HINTS"",""AVOID"",""UGLY"",""JSONXXX"",""CLASS"",""NAMES\n""],[""MOVED"",""RAML"",""FILES"",""MAVEN"",""RESOURCES"",""FOLDER\n""],[""MERGE"",""REMOTE"",""TRACKING"",""ORIGIN/MASTER"",""DEVELOP\n""]]"
Alexander Schwartz,adoc,"[[""MAKE"",""FIREFOX"",""GUI"",""TESTING"",""DEFAULT\n""],[""MERGE"",""REMOTE"",""TRACKING"",""UPSTREAM/DEVELOP"",""DEVELOP\n""],[""MERGE"",""COMMIT"",""8C34C90A52FAACE5042DAE835142D281D4CACF07"",""DEVELOP\n""],[""USING"",""XVFB"",""WRAPPER"",""HEADLESS"",""TESTING\n""],[""MOVE"",""TESTING"",""FIREFOX"",""ADDING"",""FIRST"",""KEYCLOAK"",""TEST\n""],[""PROOF"",""CONCEPT"",""GUI"",""TESTING"",""JGIVEN"",""ARQUILLIAN\n""]]"
Falk Sippach,xml,"[[""MERGE"",""REQUEST"",""21"",""DUKECON/METADATA\n\nADDED"",""TALK"",""LIST"",""SPEAKER""],[""FIXED"",""DEPENDENCY"",""WARNINGS\n""],[""MERGE"",""REQUEST"",""16"",""DUKECON/METADATA\n\nMETADATA""],[""FIXED"",""HTML5"",""CLIENT"",""OVERLAY"",""NOT"",""WORKING"",""PROBLEMS"",""ACTUALLY"",""SPRING"",""BOOT"",""WEB"",""DEPENDENCIES"",""WAS"",""MISSED"",""SO"",""NO"",""STATIC"",""FILES"",""COULD"",""BE"",""SERVED"",""PUBLIC"",""DIRECTORY\n""],[""MERGE"",""REQUEST"",""15"",""DUKECON/METADATA\n\nMETADATA""],[""MERGED\n""],[""MERGE"",""MASTER"",""HTTPS://GITHUB.COM/JUGDA/DUKECON"",""SERVER\n""],[""TRIED"",""FIX"",""SELENIUM"",""FIREFOX"",""DRIVER"",""PROBLEMS\n""],[""FIX"",""MAVEN"",""BUILD"",""FAILURE"",""MISSING"",""SPRING"",""BOOT"",""MAVEN"",""PLUGIN\n""],[""MERGE"",""DEVELOP"",""FEATURE/POSTGRES\n\nCONFLICTS:\n\tIMPL/SRC/MAIN/RESOURCES/APPLICATION.PROPERTIES\n""],[""DIVIDE"",""SPOCK"",""UNIT"",""INTEGRATION"",""TESTS\nADDED"",""SPOCK"",""UNIT"",""TEST\n""],[""BIG"",""REFACTORING"",""MULTITENANT"",""CONFERENCE"",""DATAPROVIDERS\n""],[""JAX"",""RS"",""ANALYZER"",""PLUGIN"",""COMMENTED"",""OUT\n""],[""UPDATE"",""SPRING"",""BOOT"",""1.3.0"",""FINAL\n""],[""MERGE"",""REQUEST"",""20"",""DUKECON/METADATA\n\nADDED"",""SPEAKER"",""REST"",""SERVICE"",""MOVED"",""ALL"",""CURRENT"",""REST"",""SERVICES"",""UNDER"",""CONFERENCE""],[""MERGE"",""DEVELOP"",""HTTPS://GITHUB.COM/DUKECON/DUKECON"",""SERVER"",""DEVELOP\n""],[""FIXED"",""UNDECLARED"",""MAVEN"",""DEPENDENCY\n""],[""MERGE"",""REQUEST"",""18"",""DUKECON/METADATA\n\nFIXED"",""MISSING"",""TRACK"",""INFORMATION"",""TALK"",""ADDED"",""SPEAKER"",""ID""],[""MERGE"",""REQUEST"",""19"",""DUKECON/METADATA\n\nCHANGED"",""I18N"",""MESSAGE"",""KEY"",""LANGUAGE"",""STRING""],[""MERGE"",""REQUEST"",""17"",""DUKECON/METADATA\n\nMETADATA""],[""BUGFIX"",""TALKS"",""WITHOUT"",""SPEAKER\nCONFERENCE"",""METADATA"",""CROSSLINKED\nNEW"",""TESTDATA"",""COMMUNITY"",""EVENTS\n""],[""CALCULATING"",""PARTITION"",""EVENTS"",""CLOCK"",""SLICES"",""SERVER"",""SIDE"",""EVENT"",""SLICES"",""SLICEDEVENTS"",""AS"",""REST"",""SERVICE\n""],[""FIXED"",""MAVEN"",""DEPENDENCIES\n""],[""INITIAL"",""SPRING"",""BOOT"",""SETUP\n""],[""ADDED"",""EXTERNAL"",""CONFERENCE"",""CONFIGURATION\n""],[""UPDATED"",""SPRING"",""BOOT"",""1.3.0"",""RC1\n""],[""CALCULATED"",""NUMBEROFFAVOURITES\n""],[""JAX"",""RS"",""ANALYZER"",""MAVEN"",""PLUGIN"",""ACTIVATED"",""AGAIN"",""UPDATED\n""],[""MERGE"",""REQUEST"",""23"",""DUKECON/METADATA\n\nBUGFIX"",""TALKS"",""WITHOUT"",""SPEAKER"",""CONFERENCE"",""METADATA"",""CROSSLINKED"",""NEW"",""TESTDATA"",""COMMUNITY"",""EVENTS""],[""POM.XML"",""TIDIED"",""UP"",""INTELLIJ"",""IDEA"",""PROBLEM"",""SPRING"",""BOOT"",""TOMCAT"",""FIXED\n""],[""REFACTORING"",""RAW"",""DATA"",""RESOURCE"",""MANAGEMENT\n""],[""MERGE"",""REQUEST"",""24"",""DUKECON/METADATA\n\nJAX"",""RS"",""ANALYZER"",""PLUGIN"",""COMMENTED"",""OUT""],[""MERGE"",""MASTER"",""HTTPS://GITHUB.COM/JUGDA/DUKECON"",""SERVER\n\nCONFLICTS:\n\tIMPL/SRC/TEST/JAVA/ORG/DUKECON/INTEGRATION/DUKECONSERVERAPPLICATIONSPEC.GROOVY\n""],[""ADDED"",""SWAGGER2MARKUP\n""],[""H2"",""DATABASE"",""WEB"",""CONSOLE"",""INTEGRATED\n""],[""NEXT"",""FIX"",""DEPENDENCY"",""PROBLEMS\n""],[""FIXED"",""MERGE"",""CONFLICTS\n""],[""UNNECESSARY"",""DEPENDENCIES"",""COMMENTED"",""NOW\n""],[""ADDED"",""SPOCK"",""DEPENDENCY"",""FIRST"",""SPOCK"",""INTEGRATION"",""TEST\n""],[""REMOVED"",""SNAPSHOT"",""UND"",""MILESTONE"",""MVN"",""REPO\n""]]"
Gerd Aschemann,yml,"[[""SWITCH"",""OFFICIAL"",""DOAG"",""CONFERENCE"",""URL\n""],[""MERGE"",""DEVELOP"",""CONFERENCE"",""ADAPTER"",""MULTITENANT\n""]]"
Christofer Dutz,png,"[["""",""UPDATED"",""DIRECTORIES"",""EXTERNAL"",""IDS"",""ADDED"",""IMAGE"",""RESOURCES"",""JAVALAND"",""2017\n""],["""",""UPDATED"",""LANGUAGE"",""CONTAIN"",""WHAT"",""WAS"",""ID"",""PREVIOUSLY"",""NEW"",""FIELD"",""CODE"",""USE"",""NUMERIC"",""ID"",""NOW"",""ON.\n"",""UPDATED"",""RESOURCESERVICE"",""STRUCTURE"",""IMAGE"",""RESOURCES"",""DIFFERENTLY"",""SO"",""S"",""POSSIBLE"",""USE"",""DIFFERENT"",""IMAGES"",""EACH"",""CONFERENCE.\n""],["""",""IMPLEMENTED"",""FLEX"",""RESOURCESERVICE"",""THAT"",""LOADS"",""CACHES"",""IMAGE"",""RESOURCES"",""LOCATION"",""LANGUAGES"",""STREAMS\n"",""IMPLEMENTED"",""WORKING"",""JAVA"",""RESOURCESERVICE"",""WHICH"",""PROVIDES"",""IMAGE"",""RESOURCES"",""BY"",""SCANNING"",""WAR"",""CONTENT\n"",""ADDED"",""IMAGE"",""RESOURCES"",""STREAMS"",""LANGUAGES.\n\nTHE"",""SERVER"",""SIDE"",""INTERMEDIATE"",""SOLUTION"",""UNTIL"",""GENERIC"",""WAY"",""HANDLE"",""PERSISTENCE"",""IMAGE"",""DATA"",""STORED"",""DB"",""WHATSOEVER"",""\n""],["""",""MADE"",""RESOURCESERVICE"",""RETURN"",""MAP"",""CONFERENCE"",""LOGOS\n"",""ADDED"",""CONFERENCE"",""LOGO"",""RESOURCE"",""MAP"",""CONFERENCE\n""]]"
Christofer Dutz,groovy,"[["""",""EXTENDED"",""PREFERENCES"",""SERVICE"",""BY"",""METHODS"",""ADD"",""DELETE"",""ELEMENTS.\n""],[""MERGE"",""REMOTE"",""TRACKING"",""ORIGIN/MASTER"",""\n""],["""",""CHANGED"",""CONFERENCE"",""NUMERIC"",""ID\n"",""CHANGED"",""SPEAKER"",""IMPORT"",""INITIALIZE"",""EMAIL"",""FIELD"",""GENERATE"",""NUMERIC"",""ID"",""INSTEAD"",""STRING"",""ONE.\n""],["""",""ADDED"",""SUPPORT"",""SCHED"",""CONFERENCES\n""],["""",""UPDATED"",""HEALTH"",""INDICATOR\n"",""CLEANED"",""UP"",""AUTHOR"",""TAGS\n""],["""",""UPDATED"",""LANGUAGE"",""CONTAIN"",""WHAT"",""WAS"",""ID"",""PREVIOUSLY"",""NEW"",""FIELD"",""CODE"",""USE"",""NUMERIC"",""ID"",""NOW"",""ON.\n"",""UPDATED"",""RESOURCESERVICE"",""STRUCTURE"",""IMAGE"",""RESOURCES"",""DIFFERENTLY"",""SO"",""S"",""POSSIBLE"",""USE"",""DIFFERENT"",""IMAGES"",""EACH"",""CONFERENCE.\n""],[""MERGE"",""REMOTE"",""TRACKING"",""ORIGIN/DEVELOP"",""DEVELOP\n\n"",""CONFLICTS:\n"",""\tIMPL/SRC/MAIN/JAVA/ORG/DUKECON/SERVER/SERVICE/ABSTRACTPREFERENCESSERVICE.GROOVY\n""],["""",""REFACTORING"",""ONE"",""TESTS"",""DURING"",""SESSION"",""AT"",""APACHECON"",""GOOVY"",""TESTING"",""\n""],["""",""MAJOR"",""REFACTORING\n""],["""",""ADDED"",""CRUDSERVICE"",""INTERFACHE\n"",""ADDED"",""INITIAL"",""CONFERENCESERVICE"",""INTERFACE\n"",""ADDED"",""INITIAL"",""CONFERENCESERVICEIMPL\n"",""ADDED"",""INITIAL"",""SUPPORT"",""BLAZEDS\n""],[""MERGE"",""REMOTE"",""TRACKING"",""ORIGIN/DEVELOP"",""DEVELOP\n""],["""",""ADDED"",""ABILITY"",""READ"",""STYLE"",""INFORMATION"",""GIVEN"",""CONFERENCE"",""CONFERENCESERVICE\n"",""EXTENDED"",""CONFERENCE"",""REST"",""CONTROLLER"",""GENERATE"",""STYLES.CSS"",""RESOURCES"",""FLY\n""],["""",""MADE"",""CONFERENCESERVICEIMPL"",""SAFE"",""NULLPOINTEREXCEPTIONS\n"",""MADE"",""RESOURCESERVICE"",""USE"",""SPEAKERIMAGESERVICE"",""PROVIDING"",""SPEAKER"",""IMAGES\n""],["""",""REMOVED"",""BI"",""DIRECTIONAL"",""PROPERTIES\n"",""MOVED"",""METADATA"",""PROPERTIES"",""BACK"",""CONFERENCE\n"",""FINE"",""TUNED"",""MODEL"",""CLASSES\n"",""FINE"",""TUNED"",""SERIALIZATION"",""SERIALIZE"",""JAVA"",""LOCALDATETIME"",""OBJECTS"",""AS"",""ACTIONSCRIPT"",""DATE"",""OBJECTS\n""],["""",""MADE"",""SCHED"",""ADAPTER"",""LOG"",""CONFERENCES"",""READY"",""SERVER"",""WHEN"",""INITIALIZING.\n""],["""",""REFACTORED"",""MODEL"",""AGAIN"",""...\n""],["""",""REFACTORED"",""PUT"",""DELETE"",""METHOD"",""ADDING"",""REMOVING"",""SINGLE"",""PREFERENCES\n""]]"
annam002,properties,"[[""MERGE"",""DEVELOP"",""FEATURE/MODULARIZE\n""]]"
Gerd Aschemann,gitignore,"[[""MERGE"",""DEVELOP"",""CONFERENCE"",""ADAPTER"",""MULTITENANT\n""],[""IGNORE"",""BACKUP"",""DATA"",""LOCAL"",""RUNS\n""],[""MERGE"",""REMOTE"",""TRACKING"",""ORIGIN/MASTER"",""DEVELOP\n""],[""MERGE"",""FEATURE/BLAZEDS"",""SERVER"",""DEVELOP\n""],[""ADDED"",""LOGGING"",""...\n""],[""MERGE"",""REQUEST"",""32"",""AHUS1/AHUS1"",""GUITEST\n\nPROOF"",""CONCEPT"",""GUI"",""TESTING"",""JGIVEN"",""ARQUILLIAN""],[""MERGE"",""REQUEST"",""35"",""AHUS1/PERSISTENT"",""CACHE\n\nADDING"",""HYSTRIX"",""AS"",""CIRCUIT"",""BREAKER"",""WHEN"",""CALLING"",""DOAG""],[""ADD"",""GENERIC"",""ARCHITECTURE"",""DOCUMENTATION\n""],[""IGNORE"",""ECLIPSE"",""ARTIFACTS\n""],[""MERGE"",""MASTER"",""APIASMVN\n""],[""CLEANED"",""UP"",""GIT"",""IGNORE"",""LIST\n""]]"
Niko Köbler,jpg,"[[""REVERT"",""LOGO/ICON"",""\n\nTHIS"",""REVERTS"",""COMMIT"",""5EE929FB0FA279A2F8ECA6DE67F52E2BA70C26A3.\n""],[""LOGO/ICON"",""\n""]]"
Alexander Schwartz,xml,"[[""ADDING"",""HYSTRIX"",""AS"",""CIRCUIT"",""BREAKER"",""WHEN"",""CALLING"",""DOAG"",""STORING"",""LATEST"",""SUCCESSFUL"",""RESPONSE"",""DISK"",""CLEANUP"",""TALKOLD.\n""],[""MERGE"",""FIX"",""GUITEST"",""COOKIEPOPUP"",""DEVELOP\n""],[""MERGE"",""FIX"",""GUI"",""TALKCELL"",""DEVELOP\n""],[""UPDATED"",""KEYCLOAK"",""VERSION"",""MATCHING"",""SERVER\n""],[""MAKE"",""FIREFOX"",""GUI"",""TESTING"",""DEFAULT\n""],[""MERGE"",""SELENIUM"",""TESTS"",""FAIL"",""WITH"",""NEW"",""FIREFOX"",""DEVELOP\n""],[""MERGE"",""COMMIT"",""8C34C90A52FAACE5042DAE835142D281D4CACF07"",""DEVELOP\n""],[""MOVE"",""TESTING"",""FIREFOX"",""ADDING"",""FIRST"",""KEYCLOAK"",""TEST\n""],[""PROOF"",""CONCEPT"",""GUI"",""TESTING"",""JGIVEN"",""ARQUILLIAN\n""],[""MERGE"",""REMOTE"",""TRACKING"",""UPSTREAM/DEVELOP"",""DEVELOP\n""],[""UPDATE"",""FIREFOX"",""DRIVER"",""2.53.1"",""CLEAN"",""PHANTOMJS"",""SELENIUM"",""TESTS"",""CLOSES"",""42\n""],[""USING"",""XVFB"",""WRAPPER"",""HEADLESS"",""TESTING\n""],[""ADDED"",""HEALTH"",""CHECK"",""SPRING"",""BOOT"",""STYLE\n""]]"
Dirk Mahler,svg,"[[""MERGE"",""REMOTE"",""TRACKING"",""UPSTREAM/DEVELOP"",""DEVELOP\n\n"",""CONFLICTS:\n"",""\tPOM.XML\n""]]"
Dirk Mahler,groovy,"[[""MERGE"",""REMOTE"",""TRACKING"",""UPSTREAM/DEVELOP"",""DEVELOP\n\n"",""CONFLICTS:\n"",""\tPOM.XML\n""]]"
Dirk Mahler,png,"[[""MERGE"",""REMOTE"",""TRACKING"",""UPSTREAM/DEVELOP"",""DEVELOP\n\n"",""CONFLICTS:\n"",""\tPOM.XML\n""]]"
Gerd Aschemann,csv,"[[""MERGE"",""REMOTE"",""TRACKING"",""ORIGIN/MASTER"",""DEVELOP\n""],[""ADDED"",""TWITTER"",""HANDLES\n""],[""MERGE"",""DEVELOP"",""FEATURE/TWITTER\n""]]"
Gerd Aschemann,txt,"[[""MERGE"",""MASTER"",""HTTPS://GITHUB.COM/JUGDA/DUKECON"",""SERVER\n""],[""ADDED"",""SERVER"",""VERSION.TXT"",""GIT"",""DATA\n""],[""STARTED"",""POSTGRESQL"",""DEVELOPMENT\n""],[""MERGE"",""REMOTE"",""TRACKING"",""ORIGIN/MASTER"",""DEVELOP\n""]]"
steffchep,properties,"[[""ADD"",""STYLE"",""PROPERTIES"",""JL2017\n""]]"
Dirk Mahler,puml,"[[""MERGE"",""REMOTE"",""TRACKING"",""UPSTREAM/DEVELOP"",""DEVELOP\n\n"",""CONFLICTS:\n"",""\tPOM.XML\n""]]"
"Aschemann, Gerd",groovy,"[[""READ"",""LOCAL"",""RAW"",""JSON"",""FILE"",""BY"",""DEFAULT\n""]]"
Falk Sippach,travis,"[[""MERGE"",""REQUEST"",""31"",""AHUS1/AHUS1"",""SPEEDUPBUILD\n\nCACHE"",""MAVEN"",""DIRECTORY"",""SPEED"",""UP"",""BUILD""],[""FIX"",""TRAVIS"",""CI\n""],[""MERGE"",""DEVELOP"",""FEATURE/POSTGRES\n\nCONFLICTS:\n\tIMPL/SRC/MAIN/RESOURCES/APPLICATION.PROPERTIES\n""]]"
Gerd Aschemann,,"[[""MAKE"",""MAVEN"",""WRAPPER"",""EXECUTABLE"",""\n""],[""MERGE"",""REQUEST"",""33"",""AHUS1/DEVELOP\n\nADDING"",""MAVEN"",""WRAPPER"",""MAKE"",""ENABLE"",""BUILD"",""DUKECON"",""INFRA""],[""LOCALLY"",""FIXED"",""TAKARI/MAVEN"",""WRAPPER/"",""18\n\n"",""SET"",""SYMLINK"",""CURRENTJDK"",""/LIBRARY/JAVA/JAVAVIRTUALMACHINES"",""AS"",""WELL"",""\n""],[""MERGE"",""REMOTE"",""TRACKING"",""ORIGIN/MASTER"",""DEVELOP\n""]]"
Niko Köbler,java,"[[""MOVED"",""MODEL"",""CLASSES"",""API"",""PACKAGE"",""INTRODUCE"",""PARENT"",""POM"",""STRUCTURE"",""GENERATE"",""SWAGGER.JSON"",""FILE"",""API"",""MODULE"",""TARGET"",""FOLDER\n""],[""PING"",""METHOD"",""LAST"",""UPDATED"",""STRING"",""YET"",""MOCKED"",""\n""],[""ADD"",""CONSTRUCTORS"",""JSON"",""MAPPING"",""USAGE\n""],[""HAVE"",""TALKPROVIDER"",""DELIVERING"",""TALKS"",""DEMO"",""TALKS"",""NOW"",""LOADED"",""STATIC"",""FILE\n""],[""ADD"",""TALKSERVICE"",""STUB\n""],[""RENAME"",""FIELD"",""TALK"",""ABSTRACT\n""]]"
Alexander Schwartz,raw_community,"[[""MERGE"",""COMMIT"",""8C34C90A52FAACE5042DAE835142D281D4CACF07"",""DEVELOP\n""]]"
Alexander Schwartz,travis,"[[""MERGE"",""REMOTE"",""TRACKING"",""UPSTREAM/DEVELOP"",""DEVELOP\n""],[""MERGE"",""COMMIT"",""8C34C90A52FAACE5042DAE835142D281D4CACF07"",""DEVELOP\n""],[""MOVE"",""TESTING"",""FIREFOX"",""ADDING"",""FIRST"",""KEYCLOAK"",""TEST\n""],[""CACHE"",""MAVEN"",""DIRECTORY"",""SPEED"",""UP"",""BUILD\n""],[""FORCE"",""LATEST"",""DEPENDENCIES"",""TRAVIS"",""OTHERWISE"",""HTML5"",""CLIENT"",""WILL"",""ONLY"",""BE"",""DOWNLOADED"",""ONCE"",""DAY"",""\n""],[""MAKE"",""FIREFOX"",""GUI"",""TESTING"",""DEFAULT\n""]]"
Gerd Aschemann,cmd,"[[""MERGE"",""REQUEST"",""33"",""AHUS1/DEVELOP\n\nADDING"",""MAVEN"",""WRAPPER"",""MAKE"",""ENABLE"",""BUILD"",""DUKECON"",""INFRA""],[""MERGE"",""REMOTE"",""TRACKING"",""ORIGIN/MASTER"",""DEVELOP\n""]]"
annam002,md,"[[""MERGE"",""DEVELOP"",""FEATURE/MODULARIZE\n""]]"
annam002,java,"[[""MAKE"",""METASERVICE"",""WORK"",""OTHER"",""CONFERENCES"",""AS"",""WELL\n""],[""CREATE"",""INTERFACE"",""PROVIDING"",""CONFERENCE"",""DATA\n""],[""MERGE"",""DEVELOP"",""FEATURE/MODULARIZE\n""]]"
Niko Köbler,md,"[[""INITIAL"",""BASIC"",""TRAVIS"",""FILE\n""],[""MERGE"",""MASTER"",""HTTPS://GITHUB.COM/JUGDA/DUKECON"",""SERVER\n\n"",""BY"",""GERD"",""ASCHEMANN\n"",""VIA"",""GERD"",""ASCHEMANN\n*"",""MASTER"",""HTTPS://GITHUB.COM/JUGDA/DUKECON"",""SERVER:\n"",""UPDATE"",""README.MD\n"",""ADDED"",""VERSIONEYE"",""DEPENDENCY"",""STATUS\n"",""MAKE"",""VERSIONEYE"",""HAPPY\n""],[""TRANSLATED"",""ENGLISH"",""BE"",""CONSISTEND"",""OTHER"",""DOCUMENTATION\n""]]"
Gerd Aschemann,raw,"[[""MERGE"",""REMOTE"",""TRACKING"",""ORIGIN/MASTER"",""DEVELOP\n""],[""MERGE"",""DEVELOP"",""CONFERENCE"",""ADAPTER"",""MULTITENANT\n""],[""RAW"",""DATA"",""AS"",""2015"",""09"",""24"",""08H57\n""],[""SWITCH"",""JAVALAND"",""2017\n""],[""RAW"",""DATA"",""AS"",""2015"",""09"",""24"",""08H39\n""],[""CURRENT"",""TEST"",""DATA"",""ADDED\n""],[""LATEST"",""RAW"",""DATA\n""]]"
Falk Sippach,groovy,"[[""BIG"",""REFACTORING"",""MULTITENANT"",""CONFERENCE"",""DATAPROVIDERS\n""],[""MERGE"",""MASTER"",""HTTPS://GITHUB.COM/DUKECON/DUKECON"",""SERVER\n""],[""REFACTORING"",""SPEAKER"",""IMAGE"",""SERVICE"",""ADDED"",""HERBSTCAMPUS"",""SPEAKER"",""IMAGES\n""],[""MERGE"",""MASTER"",""HTTPS://GITHUB.COM/DUKECON/DUKECON"",""SERVER"",""METADATA\n""],[""REFACTORING"",""PACKAGE"",""STRUCTURE\n""],[""FINISHED"",""HERBSTCAMPUS"",""DATA"",""MAPPING\n""],[""REFACTORING"",""RAW"",""DATA"",""RESOURCE"",""MANAGEMENT\n""],[""MERGE"",""REQUEST"",""17"",""DUKECON/METADATA\n\nMETADATA""],[""FIXED"",""TEST"",""ERRORS"",""ADDED"",""SPRING"",""CONTEXT"",""INITIALIZER"",""SPRING"",""INTEGRATION"",""TESTS\n""],[""MERGE"",""DEVELOP"",""HTTPS://GITHUB.COM/DUKECON/DUKECON"",""SERVER"",""DEVELOP\n""],[""MERGE"",""REQUEST"",""15"",""DUKECON/METADATA\n\nMETADATA""],[""FIXED"",""PROVIDING"",""UNIQUE"",""ID\n""],[""BUGFIX\n""],[""MERGE"",""DEVELOP"",""HTTPS://GITHUB.COM/DUKECON/DUKECON"",""SERVER"",""DEVELOP\n\nCONFLICTS:\n\tIMPL/SRC/MAIN/JAVA/ORG/DUKECON/SERVER/SERVICE/ABSTRACTPREFERENCESSERVICE.GROOVY\n""],[""ADDED"",""INIT"",""RESOURCE"",""RETRIEVING"",""CONFERENCE"",""ID"",""CONFERENCE"",""NAME"",""YEAR\n""],[""MISSING"",""RENAMINGS"",""ROOM"",""TALK"",""FIXED\n""],[""CALCULATED"",""NUMBEROFFAVOURITES\n""],[""REDESIGNED"",""CONFERENCESERVICE"",""ROOT"",""SUB"",""RESOURCE"",""REST/CONFERENCES"",""NOW"",""DELIVERS"",""OBJECT"",""PER"",""CONFERENCE\n""],[""SWITCHED"",""INIT.JSON"",""REST/CONFERENCES"",""TALKPROVIDER"",""CONFIGURATION"",""DATA\n""],[""REST"",""SERVICE"",""USER"",""FILTERS"",""ADDED\n""],[""REFACTORING/RENAMING"",""TALK"",""DATA"",""PROVIDER\n""],[""FIXED"",""TESTS\n""],[""BUGFIX"",""TALKS"",""WITHOUT"",""SPEAKER\nCONFERENCE"",""METADATA"",""CROSSLINKED\nNEW"",""TESTDATA"",""COMMUNITY"",""EVENTS\n""],[""REFACTORING"",""SPEAKER"",""MAPPING\n""],[""RENAMED"",""TALK"",""EVENT\n""],[""REFACTORING"",""DATAPROVIDER\n""],[""INTERMEDIATE"",""STATE"",""REFACTORING"",""MULTITENANT"",""DATA"",""PROVIDER\n""],[""RENAMED"",""TALKTYPE"",""EVENTTYPE\n""],[""REDESIGNED"",""INTERNAL"",""DATA"",""MODEL\nNEW"",""UPDATED"",""REST"",""SERVICES"",""CONFERENCE"",""METADATA"",""TALKS"",""V2"",""\n""],[""MERGE"",""REQUEST"",""26"",""DUKECON/METADATA\n\nRENAMED"",""ROOM"",""LOCATION""],[""REFACTORING"",""METADATA"",""LOOKUP"",""TAKS"",""REST"",""SERVICE"",""V2\n""],[""ADDED"",""ICONS"",""METADATA\n""],[""INTERMEDIATE"",""STATE"",""READING"",""CONFERENCE"",""RESOURCES"",""WORKING"",""JAVALAND"",""2016"",""2017\n""],[""FIELD"",""SIMULTAN"",""ADDED\n""],[""CALCULATING"",""PARTITION"",""EVENTS"",""CLOCK"",""SLICES"",""SERVER"",""SIDE"",""EVENT"",""SLICES"",""SLICEDEVENTS"",""AS"",""REST"",""SERVICE\n""],[""MERGE"",""MASTER"",""HTTPS://GITHUB.COM/JUGDA/DUKECON"",""SERVER\n""],[""METADATA"",""EXTRACTION\n""],[""ADDED"",""SWAGGER2MARKUP\n""],[""TALKS"",""REST"",""SERVICE"",""V2"",""META"",""DATA"",""REFERENCE\nREFACTORING"",""META"",""DATA"",""LOOKUP\n""],[""NEW"",""EVENT"",""FIELD"",""WILLBECOMEFULL"",""MAPPING"",""MAPPING"",""CAPACITY"",""TESTS"",""FIXED\n""],[""FIXED"",""HTML5"",""CLIENT"",""OVERLAY"",""NOT"",""WORKING"",""PROBLEMS"",""ACTUALLY"",""SPRING"",""BOOT"",""WEB"",""DEPENDENCIES"",""WAS"",""MISSED"",""SO"",""NO"",""STATIC"",""FILES"",""COULD"",""BE"",""SERVED"",""PUBLIC"",""DIRECTORY\n""],[""MERGE"",""REQUEST"",""19"",""DUKECON/METADATA\n\nCHANGED"",""I18N"",""MESSAGE"",""KEY"",""LANGUAGE"",""STRING""],[""ADDED"",""HOMEURL"",""CONFERENCE"",""JSON"",""EXPORT\n""],[""MERGE"",""DEVELOP"",""FEATURE/POSTGRES\n\nCONFLICTS:\n\tIMPL/SRC/MAIN/RESOURCES/APPLICATION.PROPERTIES\n""],[""FIXED"",""HERBSTCAMPUS"",""CONFERENCE"",""NAME\n""],[""MERGE"",""REQUEST"",""16"",""DUKECON/METADATA\n\nMETADATA""],[""HTTP"",""ETAG"",""CONFIG"",""ADDED\n""],[""BUGFIX"",""SPEAKER"",""DATA\n""],[""MERGE"",""MASTER"",""HTTPS://GITHUB.COM/JUGDA/DUKECON"",""SERVER\n\nCONFLICTS:\n\tIMPL/SRC/TEST/JAVA/ORG/DUKECON/INTEGRATION/DUKECONSERVERAPPLICATIONSPEC.GROOVY\n""],[""FIXED"",""MISSING"",""TRACK"",""INFORMATION"",""TALK"",""ADDED"",""SPEAKER"",""ID\n""],[""FINISHED"",""POSTGRESQL"",""CONFIGURATION\nRENAMING"",""COLUMNS"",""TABLES\nFLYWAY"",""CORRECTIONS\n""],[""DIVIDE"",""SPOCK"",""UNIT"",""INTEGRATION"",""TESTS\nADDED"",""SPOCK"",""UNIT"",""TEST\n""],[""CACHEINVALIDIERUNG"",""DOAG"",""TALKS"",""KONFIGURIERBAR\n\nHTTPS://GITHUB.COM/DUKECON/DUKECON"",""SERVER/ISSUES/7\n""],[""REFACTORING"",""DATA"",""LOADING"",""RE"",""ENABLING"",""HYSTRIX\n""],[""RENAMED"",""WILLBECOMEFULL"",""VERYPOPULAR"",""TESTS"",""FIXED\n""],[""MERGE"",""REQUEST"",""25"",""DUKECON/METADATA\n\nADDED"",""CONFERENCE"",""ID"",""RESOURCE"",""PATH""],[""MERGE"",""REQUEST"",""20"",""DUKECON/METADATA\n\nADDED"",""SPEAKER"",""REST"",""SERVICE"",""MOVED"",""ALL"",""CURRENT"",""REST"",""SERVICES"",""UNDER"",""CONFERENCE""],[""ADDED"",""FIRST"",""LASTNAME"",""CLEANED"",""UP"",""TWITTER"",""HANDLES\n""],[""SPEAKER"",""IMAGES"",""REST"",""RESOURCE\n""],[""CHANGED"",""FULLBOOKEDRESOURCE"",""ADMINRESOURCE"",""ADDED"",""EVENTBOOKINGRESOURCE\n""],[""BIG"",""REFACTORING"",""MULTITENANT"",""CONFERENCE"",""DATAPROVIDERS"",""ADDED"",""INITIAL"",""WEBRESOURCEDATAPROVIDER"",""CONFIGURED"",""BEANDEFINITIONREGISTRY"",""IT\n""],[""ADDED"",""ADMIN"",""REST"",""RESOURCE"",""SETTING"",""FULLYBOOKED"",""FLAG\n""],[""ADDED"",""SPEAKER"",""REST"",""SERVICE"",""MOVED"",""ALL"",""CURRENT"",""REST"",""SERVICES"",""UNDER"",""CONFERENCE\n""],[""FIXED"",""LOADING"",""CONFERENCES.YML"",""JAR"",""EXECUTION\n""],[""FIXED"",""SPEAKER"",""EVENT"",""ASSIGNMENT\n""],[""RENAMED"",""ROOM"",""LOCATION\n""],[""GENERALIZATION"",""READING"",""SPEAKER"",""DATA"",""SPLITTING"",""FIRST"",""LASTNAME"",""AS"",""NEEDED\n""],[""ADDED"",""FULLYBOOKED"",""NUMBEROFFAVORITES"",""LOCATIONCAPACITY"",""MODEL\n""],[""IGNORED"",""TEST"",""CASE"",""FIXED\n""],[""MERGE"",""REQUEST"",""10"",""DUKECON/TALKCACHEINVALIDIERUNG\n\nTALK"",""CACHE"",""INVALIDIERUNG""],[""JAVALAND"",""SPEAKER"",""INFORMATION"",""ADDED\n""],[""TESTS"",""FIXED\n""],[""UPDATE"",""WEBRESOURCEDATAPROVIDERREMOTE.GROOVY""],[""ADDED"",""TALK"",""LIST"",""SPEAKER\n""],[""ADDED"",""EXTERNAL"",""CONFERENCE"",""CONFIGURATION\n""],[""TESTS"",""TIDIED"",""UP\n""],[""REFACTORING"",""META"",""DATA"",""EXTRACTION\n""],[""FIXED"",""TEST\n""],[""FIXED"",""MISSING"",""TALK"",""TYPE"",""ID\n""],[""FIXED"",""SPECIAL"",""DAY"",""HANDLING"",""WORKSHOP"",""DAY\n""],[""ADDED"",""INTIAL"",""DATA"",""EXTRACTOR"",""HERBSTCAMPUS"",""CONFERENCE\n""],[""FIXED"",""CONFERENCE"",""CONFIG"",""BUG\nRETURN"",""STATUS"",""404"",""IF"",""CONFERENCE"",""CAN"",""NOT"",""BE"",""FOUND\n""],[""MERGE"",""REQUEST"",""21"",""DUKECON/METADATA\n\nADDED"",""TALK"",""LIST"",""SPEAKER""],[""FIXED"",""COMPILE"",""TEST"",""ERRORS\n""],[""FIXED"",""TEST"",""ERROR\n""],[""ADDED"",""LANGUAGES"",""ROOMS\n""],[""MERGED\n""],[""ACCESS"",""CONFERENCES"",""REST"",""SERVICE"",""ADDITIONALLY"",""REST/CONFERENCES/ID.JSON\n""],[""MERGE"",""REQUEST"",""18"",""DUKECON/METADATA\n\nFIXED"",""MISSING"",""TRACK"",""INFORMATION"",""TALK"",""ADDED"",""SPEAKER"",""ID""],[""MERGE"",""REQUEST"",""23"",""DUKECON/METADATA\n\nBUGFIX"",""TALKS"",""WITHOUT"",""SPEAKER"",""CONFERENCE"",""METADATA"",""CROSSLINKED"",""NEW"",""TESTDATA"",""COMMUNITY"",""EVENTS""],[""INITIAL"",""SPRING"",""BOOT"",""SETUP\n""],[""REFACTORED"",""INIT"",""RESOURCE"",""CHOOSING"",""REAL"",""CONFERENCE\n""],[""FIXED"",""POTENTIAL"",""NULLPOINTER"",""ERRORS"",""BECAUSE"",""MISSING"",""APACHECON"",""APIKEY\n""],[""TEST"",""FIXED\n""],[""IGNORED"",""JAVALANDDATAEXTRACTOR"",""TEST\n""],[""TESTS"",""REFACTORING"",""TALK"",""CACHE"",""INVALIDATION\n""],[""MOVED"",""TRACKS"",""ROOMS"",""CONFERENCE"",""METADATA"",""KEEP"",""ALL"",""METADATA"",""AT"",""ONE"",""PLACE\n""],[""FIX"",""TRAVIS"",""CI\n""],[""REFACTORED"",""DIVIDE"",""BETWEEN"",""PROD"",""TEST"",""ENV"",""POSTGRESQL\n""],[""CHANGED"",""NOT"",""FOUND"",""RETURN"",""TYPE"",""IF"",""CONFERENCE"",""NOT"",""EXISTS\n"",""46"",""HTTPS://GITHUB.COM/DUKECON/DUKECON"",""SERVER/ISSUES/46\n""],[""ADDED"",""TEST"",""DATA\n""],[""ADDED"",""CORS"",""FILTER\n""],[""H2"",""DATABASE"",""WEB"",""CONSOLE"",""INTEGRATED\n""],[""FILTER"",""EVENTS"",""EMPTY"",""DURATION\nREPLACED"",""\\R\\N"",""\\N\n""],[""REACTIVATED"",""INIT.JSON"",""DEVELOPMENT\n""],[""ADDED"",""DEBUG"",""LOGGING\n""],[""FIXED"",""READING"",""CSV"",""FILE"",""AS"",""INPUTSTREAM\n""],[""ADDED"",""TEST"",""FILTERSREPOSITORY\n""],[""ADDED"",""CONFERENCE"",""ID"",""RESOURCE"",""PATH\n""],[""TEMPORARELY"",""DEACTIVATED"",""HYSTRIX"",""DUE"",""PROBLEMS"",""JAR"",""EXECUTION"",""MODE\n""],[""ADDED"",""SPOCK"",""DEPENDENCY"",""FIRST"",""SPOCK"",""INTEGRATION"",""TEST\n""]]"
Gerd Aschemann,jboss,"[[""MERGE"",""REMOTE"",""TRACKING"",""ORIGIN/MASTER"",""DEVELOP\n""],[""MERGE"",""REQUEST"",""32"",""AHUS1/AHUS1"",""GUITEST\n\nPROOF"",""CONCEPT"",""GUI"",""TESTING"",""JGIVEN"",""ARQUILLIAN""]]"
steffchep,java,"[["""",""HOPEFULLY"",""FIX"",""TEST\n""]]"
Falk Sippach,bat,"[[""MERGE"",""DEVELOP"",""FEATURE/POSTGRES\n\nCONFLICTS:\n\tIMPL/SRC/MAIN/RESOURCES/APPLICATION.PROPERTIES\n""]]"
Niko Köbler,json,"[[""REMOVED"",""NOW"",""UNUSED"",""RAML"",""JSON"",""SCHEMA"",""FILES\n""],[""REMOVE"",""IMPLEMENTATION"",""DETAILS"",""SCHEMA"",""ADD"",""SCHEMA"",""SECTION"",""RAML"",""BETTER"",""CLASS"",""NAMING"",""WHILE"",""GENERATING"",""SOURCES\n""],[""FIRST"",""DRAFT"",""TALKS"",""API\n""],[""FIRST"",""DRAFT"",""META"",""API\n""],[""HAVE"",""TALKPROVIDER"",""DELIVERING"",""TALKS"",""DEMO"",""TALKS"",""NOW"",""LOADED"",""STATIC"",""FILE\n""]]"
Niko Köbler,groovy,"[[""REMOVED"",""DEPENDENCY"",""API"",""PROJECT"",""USING"",""OWN"",""MODEL"",""SERVICE"",""CLASSES\nTHIS"",""C"",""LEAN\n""]]"
Niko Köbler,xml,"[[""REMOVED"",""OUTDATED"",""DEPENDENCY"",""API\n""],[""REMOVED"",""DEPENDENCY"",""API"",""PROJECT"",""USING"",""OWN"",""MODEL"",""SERVICE"",""CLASSES\nTHIS"",""C"",""LEAN\n""],[""SET"",""CORRECT"",""SCOPE"",""LOMBOK\n""],[""ADD"",""CREATED"",""MODEL"",""BE"",""ABLE"",""GET"",""RID"",""GENERATED"",""STUFF"",""\n""]]"
Christofer Dutz,properties,"[["""",""ADDED"",""ABILITY"",""READ"",""STYLE"",""INFORMATION"",""GIVEN"",""CONFERENCE"",""CONFERENCESERVICE\n"",""EXTENDED"",""CONFERENCE"",""REST"",""CONTROLLER"",""GENERATE"",""STYLES.CSS"",""RESOURCES"",""FLY\n""],["""",""ADDED"",""SUPPORT"",""SCHED"",""CONFERENCES\n""],["""",""MADE"",""FLEX"",""APPLICATION"",""USE"",""STYLES"",""SENT"",""SERVER"",""OK"","".."",""CURRENTLY"",""I"",""JUST"",""USE"",""DARK"",""STYLE"",""COLOR"",""TITLES"",""\n"",""MADE"",""RESOURCESERVICEIMPL"",""CONFERENCESERVICEIMPL"",""LITTLE"",""SAFER"",""AGAINST"",""NPES\n"",""ADDED"",""LOCATION"",""LOCATION"",""MAP"",""SPEAKER"",""IMAGES"",""RESOURCES"",""OBJECT\n""],["""",""ADDED"",""RESSOURCE"",""CLASS"",""WRAP"",""RESOURCES"",""SENT"",""BACK"",""BY"",""SERVER"",""INSTEAD"",""RELYING"",""MAP"",""MAPS\n""]]"
Christofer Dutz,jpg,"[["""",""UPDATED"",""DIRECTORIES"",""EXTERNAL"",""IDS"",""ADDED"",""IMAGE"",""RESOURCES"",""JAVALAND"",""2017\n""],["""",""IMPLEMENTED"",""FLEX"",""RESOURCESERVICE"",""THAT"",""LOADS"",""CACHES"",""IMAGE"",""RESOURCES"",""LOCATION"",""LANGUAGES"",""STREAMS\n"",""IMPLEMENTED"",""WORKING"",""JAVA"",""RESOURCESERVICE"",""WHICH"",""PROVIDES"",""IMAGE"",""RESOURCES"",""BY"",""SCANNING"",""WAR"",""CONTENT\n"",""ADDED"",""IMAGE"",""RESOURCES"",""STREAMS"",""LANGUAGES.\n\nTHE"",""SERVER"",""SIDE"",""INTERMEDIATE"",""SOLUTION"",""UNTIL"",""GENERIC"",""WAY"",""HANDLE"",""PERSISTENCE"",""IMAGE"",""DATA"",""STORED"",""DB"",""WHATSOEVER"",""\n""],["""",""UPDATED"",""LANGUAGE"",""CONTAIN"",""WHAT"",""WAS"",""ID"",""PREVIOUSLY"",""NEW"",""FIELD"",""CODE"",""USE"",""NUMERIC"",""ID"",""NOW"",""ON.\n"",""UPDATED"",""RESOURCESERVICE"",""STRUCTURE"",""IMAGE"",""RESOURCES"",""DIFFERENTLY"",""SO"",""S"",""POSSIBLE"",""USE"",""DIFFERENT"",""IMAGES"",""EACH"",""CONFERENCE.\n""]]"
Dirk Mahler,properties,"[[""MERGE"",""REMOTE"",""TRACKING"",""UPSTREAM/DEVELOP"",""DEVELOP\n\n"",""CONFLICTS:\n"",""\tPOM.XML\n""]]"
Falk Sippach,raw_community,"[[""MERGED\n""],[""MERGE"",""REQUEST"",""23"",""DUKECON/METADATA\n\nBUGFIX"",""TALKS"",""WITHOUT"",""SPEAKER"",""CONFERENCE"",""METADATA"",""CROSSLINKED"",""NEW"",""TESTDATA"",""COMMUNITY"",""EVENTS""],[""BUGFIX"",""TALKS"",""WITHOUT"",""SPEAKER\nCONFERENCE"",""METADATA"",""CROSSLINKED\nNEW"",""TESTDATA"",""COMMUNITY"",""EVENTS\n""]]"
Alexander Schwartz,groovy,"[[""MERGE"",""COMMIT"",""8C34C90A52FAACE5042DAE835142D281D4CACF07"",""DEVELOP\n""],[""ADDING"",""HYSTRIX"",""AS"",""CIRCUIT"",""BREAKER"",""WHEN"",""CALLING"",""DOAG"",""STORING"",""LATEST"",""SUCCESSFUL"",""RESPONSE"",""DISK"",""CLEANUP"",""TALKOLD.\n""],[""AVOID"",""NO"",""STORE"",""MAKE"",""CACHE"",""MANIFEST"",""WORK"",""FIREFOX"",""AGAIN\n""],[""ALLOW"",""ADMINS"",""REFRESH"",""CACHE"",""BY"",""USING"",""SPECIAL"",""SECURED"",""URL"",""8\n""],[""SAVE"",""CREATION"",""IDS"",""LANGUAGE"",""NAME"",""/"",""37\n""],[""ADDED"",""HEALTH"",""CHECK"",""SPRING"",""BOOT"",""STYLE\n""],[""MERGE"",""REMOTE"",""TRACKING"",""UPSTREAM/DEVELOP"",""DEVELOP\n""],[""MERGE"",""FIX"",""GUI"",""TALKCELL"",""DEVELOP\n""],[""MAKE"",""SUBPATHS"",""LIKE"",""CONFERENCES/499959/SLICEDEVENTS"",""WORK"",""AGAIN"",""8\n""],[""DON"",""T"",""PRINT"",""ID"",""MAYBE"",""THIS"",""LEFTOVER"",""DEBUGGING"",""SESSION"",""\n""]]"
Gerd Aschemann,adoc,"[[""MERGE"",""REMOTE"",""TRACKING"",""ORIGIN/MASTER"",""DEVELOP\n""],[""ADD"",""GENERIC"",""ARCHITECTURE"",""DOCUMENTATION\n""],[""MERGE"",""REQUEST"",""32"",""AHUS1/AHUS1"",""GUITEST\n\nPROOF"",""CONCEPT"",""GUI"",""TESTING"",""JGIVEN"",""ARQUILLIAN""],[""MERGE"",""DEVELOP"",""CONFERENCE"",""ADAPTER"",""MULTITENANT\n""]]"
Falk Sippach,sql,"[[""MERGE"",""REQUEST"",""26"",""DUKECON/METADATA\n\nRENAMED"",""ROOM"",""LOCATION""],[""ADDED"",""TEST"",""FILTERSREPOSITORY\n""],[""REST"",""SERVICE"",""USER"",""FILTERS"",""ADDED\n""],[""FINISHED"",""POSTGRESQL"",""CONFIGURATION\nRENAMING"",""COLUMNS"",""TABLES\nFLYWAY"",""CORRECTIONS\n""],[""MERGE"",""DEVELOP"",""FEATURE/POSTGRES\n\nCONFLICTS:\n\tIMPL/SRC/MAIN/RESOURCES/APPLICATION.PROPERTIES\n""],[""RENAMED"",""ROOM"",""LOCATION\n""]]"
Alexander Schwartz,bat,"[[""PROOF"",""CONCEPT"",""GUI"",""TESTING"",""JGIVEN"",""ARQUILLIAN\n""],[""MERGE"",""COMMIT"",""8C34C90A52FAACE5042DAE835142D281D4CACF07"",""DEVELOP\n""]]"
"Aschemann, Gerd",properties,"[[""READ"",""LOCAL"",""RAW"",""JSON"",""FILE"",""BY"",""DEFAULT\n""]]"
Gerd Aschemann,raml,"[[""MERGE"",""MASTER"",""HTTPS://GITHUB.COM/JUGDA/DUKECON"",""SERVER\n""],[""FIXED"",""TYPO\n""],[""MERGE"",""MASTER"",""APIASMVN\n""],[""MOVED"",""RAML"",""FILES"",""MAVEN"",""RESOURCES"",""FOLDER\n""]]"
Niko Köbler,txt,"[[""COOL"",""SPRING"",""BOOT"",""STARTUP"",""BANNER\n""],[""MERGE"",""MASTER"",""HTTPS://GITHUB.COM/JUGDA/DUKECON"",""SERVER\n\n"",""BY"",""FALK"",""SIPPACH\n"",""VIA"",""FALK"",""SIPPACH\n*"",""MASTER"",""HTTPS://GITHUB.COM/JUGDA/DUKECON"",""SERVER:\n"",""POM.XML"",""TIDIED"",""UP"",""INTELLIJ"",""IDEA"",""PROBLEM"",""SPRING"",""BOOT"",""TOMCAT"",""FIXED\n""]]"
Christofer Dutz,java,"[["""",""REMOVED"",""BI"",""DIRECTIONAL"",""PROPERTIES\n"",""MOVED"",""METADATA"",""PROPERTIES"",""BACK"",""CONFERENCE\n"",""FINE"",""TUNED"",""MODEL"",""CLASSES\n"",""FINE"",""TUNED"",""SERIALIZATION"",""SERIALIZE"",""JAVA"",""LOCALDATETIME"",""OBJECTS"",""AS"",""ACTIONSCRIPT"",""DATE"",""OBJECTS\n""],[""ADDED"",""CONFERENCE"",""PROPERTIES"",""ALMOST"",""ALL"",""MODEL"",""TYPES"",""FULL"",""MODEL"",""BOTH"",""RELATIONAL"",""DIRECTIONS\n""],["""",""MAJOR"",""REFACTORING\n""],["""",""CHANGED"",""CONFERENCE"",""NUMERIC"",""ID\n"",""CHANGED"",""SPEAKER"",""IMPORT"",""INITIALIZE"",""EMAIL"",""FIELD"",""GENERATE"",""NUMERIC"",""ID"",""INSTEAD"",""STRING"",""ONE.\n""],["""",""ADDED"",""SUPPORT"",""SCHED"",""CONFERENCES\n""],["""",""MADE"",""FLEX"",""APPLICATION"",""USE"",""STYLES"",""SENT"",""SERVER"",""OK"","".."",""CURRENTLY"",""I"",""JUST"",""USE"",""DARK"",""STYLE"",""COLOR"",""TITLES"",""\n"",""MADE"",""RESOURCESERVICEIMPL"",""CONFERENCESERVICEIMPL"",""LITTLE"",""SAFER"",""AGAINST"",""NPES\n"",""ADDED"",""LOCATION"",""LOCATION"",""MAP"",""SPEAKER"",""IMAGES"",""RESOURCES"",""OBJECT\n""],["""",""ADDED"",""RESSOURCE"",""CLASS"",""WRAP"",""RESOURCES"",""SENT"",""BACK"",""BY"",""SERVER"",""INSTEAD"",""RELYING"",""MAP"",""MAPS\n""],["""",""11"",""PROVIDE"",""SECURE"",""PING"",""URL"",""REST"",""SERVICE"",""THAT"",""CAN"",""BE"",""USED"",""FORCE"",""LOGIN\n\n"",""ADDED"",""SECOND"",""PING"",""SERVICE"",""THAT"",""SHOULD"",""BE"",""CONFIGURED"",""ONLY"",""ALLOW"",""AUTHENTICATED"",""ACCESS"",""BY"",""KEYCLOAK.\n""],["""",""MADE"",""RESOURCESERVICE"",""RETURN"",""MAP"",""CONFERENCE"",""LOGOS\n"",""ADDED"",""CONFERENCE"",""LOGO"",""RESOURCE"",""MAP"",""CONFERENCE\n""],["""",""ADDED"",""CRUDSERVICE"",""INTERFACHE\n"",""ADDED"",""INITIAL"",""CONFERENCESERVICE"",""INTERFACE\n"",""ADDED"",""INITIAL"",""CONFERENCESERVICEIMPL\n"",""ADDED"",""INITIAL"",""SUPPORT"",""BLAZEDS\n""],[""UPDATED"",""MODEL"",""CORRECTLY"",""LINK"",""REDUNDANT"",""INSTANCES\n""],["""",""ADDED"",""ABILITY"",""READ"",""STYLE"",""INFORMATION"",""GIVEN"",""CONFERENCE"",""CONFERENCESERVICE\n"",""EXTENDED"",""CONFERENCE"",""REST"",""CONTROLLER"",""GENERATE"",""STYLES.CSS"",""RESOURCES"",""FLY\n""],["""",""ADDED"",""FIRST"",""VERSION"",""RESOURCESERVICE"",""WHICH"",""WILL"",""RETURN"",""IMAGE"",""RESOURCES"",""NEEDED"",""BY"",""FLEX"",""CLIENT.\n"",""CHANGED"",""BUILD"",""CONFIG"",""USE"",""WAR"",""OVERLAYS"",""INSTEAD"",""DEPENDENCY"",""PLUGIN"",""EMBEDDING"",""HTML"",""CLIENT\n"",""ADDED"",""FAILSAFE"",""CONFIGRUATION"",""RUN"",""INTEGRATION"",""TEST"",""PHASE"",""MOVED"",""GUI"",""TESTS"",""BEING"",""INTEGRATION"",""TESTS"",""BY"",""RENAMING"",""THEM"",""XYZTEST"",""XYZIT\n""],["""",""REMOVED"",""PRIVATEOWNED"",""ATTRIBUTE\n""],["""",""ADDED"",""ID"",""FIELD"",""USERPREFERENCES\n""],["""",""UPDATED"",""LANGUAGE"",""CONTAIN"",""WHAT"",""WAS"",""ID"",""PREVIOUSLY"",""NEW"",""FIELD"",""CODE"",""USE"",""NUMERIC"",""ID"",""NOW"",""ON.\n"",""UPDATED"",""RESOURCESERVICE"",""STRUCTURE"",""IMAGE"",""RESOURCES"",""DIFFERENTLY"",""SO"",""S"",""POSSIBLE"",""USE"",""DIFFERENT"",""IMAGES"",""EACH"",""CONFERENCE.\n""],["""",""MADE"",""CONFERENCESERVICEIMPL"",""SAFE"",""NULLPOINTEREXCEPTIONS\n"",""MADE"",""RESOURCESERVICE"",""USE"",""SPEAKERIMAGESERVICE"",""PROVIDING"",""SPEAKER"",""IMAGES\n""],["""",""COMMENTED"",""COMMENTED"",""METHODS\n"",""ADDED"",""LITTLE"",""INLINE"",""DOCUMENTATION\n""],[""MERGE"",""REMOTE"",""TRACKING"",""ORIGIN/DEVELOP"",""DEVELOP\n\n"",""CONFLICTS:\n"",""\tIMPL/SRC/MAIN/JAVA/ORG/DUKECON/SERVER/SERVICE/ABSTRACTPREFERENCESSERVICE.GROOVY\n""],["""",""IMPLEMENTED"",""FLEX"",""RESOURCESERVICE"",""THAT"",""LOADS"",""CACHES"",""IMAGE"",""RESOURCES"",""LOCATION"",""LANGUAGES"",""STREAMS\n"",""IMPLEMENTED"",""WORKING"",""JAVA"",""RESOURCESERVICE"",""WHICH"",""PROVIDES"",""IMAGE"",""RESOURCES"",""BY"",""SCANNING"",""WAR"",""CONTENT\n"",""ADDED"",""IMAGE"",""RESOURCES"",""STREAMS"",""LANGUAGES.\n\nTHE"",""SERVER"",""SIDE"",""INTERMEDIATE"",""SOLUTION"",""UNTIL"",""GENERIC"",""WAY"",""HANDLE"",""PERSISTENCE"",""IMAGE"",""DATA"",""STORED"",""DB"",""WHATSOEVER"",""\n""]]"
Alexander Schwartz,sql,"[[""MERGE"",""COMMIT"",""8C34C90A52FAACE5042DAE835142D281D4CACF07"",""DEVELOP\n""]]"
Dirk Mahler,jpg,"[[""MERGE"",""REMOTE"",""TRACKING"",""UPSTREAM/DEVELOP"",""DEVELOP\n\n"",""CONFLICTS:\n"",""\tPOM.XML\n""]]"
Falk Sippach,mvn/wrapper/maven-wrapper,"[[""MERGE"",""DEVELOP"",""FEATURE/POSTGRES\n\nCONFLICTS:\n\tIMPL/SRC/MAIN/RESOURCES/APPLICATION.PROPERTIES\n""]]"
Alexander Schwartz,gitattributes,"[[""MERGE"",""COMMIT"",""8C34C90A52FAACE5042DAE835142D281D4CACF07"",""DEVELOP\n""],[""ADDING"",""MAVEN"",""WRAPPER"",""MAKE"",""ENABLE"",""BUILD"",""DUKECON"",""INFRA\n""]]"
Gerd Aschemann,sh,"[[""MERGE"",""REMOTE"",""TRACKING"",""ORIGIN/MASTER"",""DEVELOP\n""]]"
stephaniep,properties,"[[""ADD"",""PROPERTY"",""FILE"",""NEW"",""JAVALAND"",""CONFERENCE"",""ID\n""]]"
Niko Köbler,gitignore,"[[""MERGE"",""MASTER"",""HTTPS://GITHUB.COM/JUGDA/DUKECON"",""SERVER\n\n"",""BY"",""GERD"",""ASCHEMANN\n"",""VIA"",""GERD"",""ASCHEMANN\n*"",""MASTER"",""HTTPS://GITHUB.COM/JUGDA/DUKECON"",""SERVER:\n"",""UPDATE"",""README.MD\n"",""ADDED"",""VERSIONEYE"",""DEPENDENCY"",""STATUS\n"",""MAKE"",""VERSIONEYE"",""HAPPY\n""],[""ADD"",""IDEA"",""SETTINGS"","".GITIGNORE\n""]]"
Alexander Schwartz,mvn/wrapper/maven-wrapper,"[[""ADDING"",""MAVEN"",""WRAPPER"",""MAKE"",""ENABLE"",""BUILD"",""DUKECON"",""INFRA\n""],[""MERGE"",""COMMIT"",""8C34C90A52FAACE5042DAE835142D281D4CACF07"",""DEVELOP\n""]]"
Dirk Mahler,md,"[[""MERGE"",""REMOTE"",""TRACKING"",""UPSTREAM/DEVELOP"",""DEVELOP\n\n"",""CONFLICTS:\n"",""\tPOM.XML\n""]]"
Falk Sippach,properties,"[[""MERGE"",""DEVELOP"",""FEATURE/POSTGRES\n\nCONFLICTS:\n\tIMPL/SRC/MAIN/RESOURCES/APPLICATION.PROPERTIES\n""],[""MERGE"",""DEVELOP"",""HTTPS://GITHUB.COM/DUKECON/DUKECON"",""SERVER"",""DEVELOP\n""],[""INITIAL"",""SPRING"",""BOOT"",""SETUP\n""],[""MERGED\n""],[""REFACTORED"",""DIVIDE"",""BETWEEN"",""PROD"",""TEST"",""ENV"",""POSTGRESQL\n""],[""FINISHED"",""POSTGRESQL"",""CONFIGURATION\nRENAMING"",""COLUMNS"",""TABLES\nFLYWAY"",""CORRECTIONS\n""],[""MERGE"",""REQUEST"",""15"",""DUKECON/METADATA\n\nMETADATA""],[""REFACTORING"",""META"",""DATA"",""EXTRACTION\n""],[""MERGE"",""REQUEST"",""17"",""DUKECON/METADATA\n\nMETADATA""],[""MERGE"",""REQUEST"",""18"",""DUKECON/METADATA\n\nFIXED"",""MISSING"",""TRACK"",""INFORMATION"",""TALK"",""ADDED"",""SPEAKER"",""ID""],[""MERGE"",""REQUEST"",""20"",""DUKECON/METADATA\n\nADDED"",""SPEAKER"",""REST"",""SERVICE"",""MOVED"",""ALL"",""CURRENT"",""REST"",""SERVICES"",""UNDER"",""CONFERENCE""],[""MERGE"",""MASTER"",""HTTPS://GITHUB.COM/DUKECON/DUKECON"",""SERVER"",""METADATA\n""],[""CHANGED"",""NOT"",""FOUND"",""RETURN"",""TYPE"",""IF"",""CONFERENCE"",""NOT"",""EXISTS\n"",""46"",""HTTPS://GITHUB.COM/DUKECON/DUKECON"",""SERVER/ISSUES/46\n""],[""MERGE"",""REQUEST"",""21"",""DUKECON/METADATA\n\nADDED"",""TALK"",""LIST"",""SPEAKER""],[""REDESIGNED"",""CONFERENCESERVICE"",""ROOT"",""SUB"",""RESOURCE"",""REST/CONFERENCES"",""NOW"",""DELIVERS"",""OBJECT"",""PER"",""CONFERENCE\n""],[""REACTIVATED"",""INIT.JSON"",""DEVELOPMENT\n""],[""ADDED"",""ICONS"",""METADATA\n""],[""CHANGED"",""FULLBOOKEDRESOURCE"",""ADMINRESOURCE"",""ADDED"",""EVENTBOOKINGRESOURCE\n""],[""REST"",""SERVICE"",""USER"",""FILTERS"",""ADDED\n""],[""CHANGED"",""2016"",""JAVALAND"",""INPUT"",""FILE\n""],[""MERGE"",""REQUEST"",""19"",""DUKECON/METADATA\n\nCHANGED"",""I18N"",""MESSAGE"",""KEY"",""LANGUAGE"",""STRING""],[""INTERMEDIATE"",""STATE"",""REFACTORING"",""MULTITENANT"",""DATA"",""PROVIDER\n""],[""RENAMED"",""POSTGRESQL"",""DEFAULT"",""DB"",""NAME\n""],[""CALCULATING"",""PARTITION"",""EVENTS"",""CLOCK"",""SLICES"",""SERVER"",""SIDE"",""EVENT"",""SLICES"",""SLICEDEVENTS"",""AS"",""REST"",""SERVICE\n""],[""UNUSED"",""FLYWAY"",""CONFIG"",""PARAMS"",""REMOVED\n""],[""SECURED"",""ADMIN"",""REST"",""INTERFACE\n""]]"
Alexander Schwartz,java,"[[""PROOF"",""CONCEPT"",""GUI"",""TESTING"",""JGIVEN"",""ARQUILLIAN\n""],[""MOVE"",""TESTING"",""FIREFOX"",""ADDING"",""FIRST"",""KEYCLOAK"",""TEST\n""],[""MERGE"",""SELENIUM"",""TESTS"",""FAIL"",""WITH"",""NEW"",""FIREFOX"",""DEVELOP\n""],[""MERGE"",""COMMIT"",""8C34C90A52FAACE5042DAE835142D281D4CACF07"",""DEVELOP\n""],[""FIXED"",""FAILING"",""TEST"",""AFTER"",""UI"",""ELEMENT"",""HAD"",""BEEN"",""RENAMED\n""],[""INCREASE"",""TIMEOUTS"",""BOTH"",""LOADING"",""GUI"",""TESTING\n""],[""MAKE"",""SELENIUM"",""TESTS"",""ROBUST\n""],[""MERGE"",""REMOTE"",""TRACKING"",""UPSTREAM/DEVELOP"",""DEVELOP\n""],[""MERGE"",""FIX"",""GUITEST"",""COOKIEPOPUP"",""RELEASE/1.1\n""],[""MERGE"",""FIX"",""GUI"",""TALKCELL"",""DEVELOP\n""],[""NOW"",""WORKSHOP"",""DAY"",""PRESENT\n""],[""CLICK"",""COOKIE"",""DISCLAIMER"",""START"",""PAGE\n""],[""FIXING"",""HTML"",""CHANGE"",""PAGE"",""PAGE"",""MODEL\n""],[""UPDATE"",""FIREFOX"",""DRIVER"",""2.53.1"",""CLEAN"",""PHANTOMJS"",""SELENIUM"",""TESTS"",""CLOSES"",""42\n""],[""MERGE"",""FIX"",""GUITEST"",""COOKIEPOPUP"",""DEVELOP\n""],[""ADDING"",""HYSTRIX"",""AS"",""CIRCUIT"",""BREAKER"",""WHEN"",""CALLING"",""DOAG"",""STORING"",""LATEST"",""SUCCESSFUL"",""RESPONSE"",""DISK"",""CLEANUP"",""TALKOLD.\n""]]"
Gerd Aschemann,png,"[[""MERGE"",""FEATURE/BLAZEDS"",""SERVER"",""DEVELOP\n""]]"
Dirk Mahler,java,"[[""MERGE"",""REMOTE"",""TRACKING"",""UPSTREAM/DEVELOP"",""DEVELOP\n\n"",""CONFLICTS:\n"",""\tPOM.XML\n""]]"
Alexander Schwartz,md,"[[""PROOF"",""CONCEPT"",""GUI"",""TESTING"",""JGIVEN"",""ARQUILLIAN\n""],[""ADDED"",""HEALTH"",""CHECK"",""SPRING"",""BOOT"",""STYLE\n""],[""MERGE"",""COMMIT"",""8C34C90A52FAACE5042DAE835142D281D4CACF07"",""DEVELOP\n""],[""ALLOW"",""ADMINS"",""REFRESH"",""CACHE"",""BY"",""USING"",""SPECIAL"",""SECURED"",""URL"",""8\n""]]"
Gerd Aschemann,xml,"[[""MOVED"",""LOT"",""STUFF"",""PLUGIN"",""DEPENDENCYMANAGEMENT"",""REACTOR\n""],[""INTRODUCED"",""MAVEN"",""DEPENDENCY"",""ANALYSIS"",""ADDED/SCOPE"",""CLEANED"",""LOT"",""DEPS\n""],[""USING"",""MULTI"",""MODULE"",""MAVEN"",""RELEASE"",""PLUGIN"",""AKA"",""RELEASER"",""PLUGIN"",""\n""],[""[MAVEN"",""RELEASE"",""PLUGIN]"",""PREPARE"",""NEXT"",""DEVELOPMENT"",""ITERATION\n""],[""MAKE"",""VERSIONEYE"",""HAPPY"",""\n""],[""DROPPED"",""METRICS"",""LOGGER\n""],[""ADDED"",""TWITTER"",""HANDLES\n""],[""UPDATED"",""GROOVY"",""LATEST"",""VERSION\n""],[""MERGE"",""DEVELOP"",""FEATURE/TWITTER\n""],[""STARTED"",""DEVELOPMENT"",""NEXT"",""VERSION\n""],[""MERGE"",""REMOTE"",""TRACKING"",""ORIGIN/MASTER"",""DEVELOP\n""],[""FIX:"",""REPLACE"",""PLACEHOLDER"",""BY"",""CONCRETE"",""VALUE"",""SNAPSHOT"",""DEPENDENCY"",""RELEASER"",""CONFIGURATION"",""\n""],[""FIX"",""LOGGING"",""CF"",""SPRING"",""PROJECTS/SPRING"",""BOOT"",""4489"",""\n\n"",""DO"",""NOT"",""LOAD"",""BASE"",""CONFIGURATION"",""BUT"",""ONLY"",""DEFAULTS\n"",""LOAD"",""LOCAL"",""LOGGING"",""PROPERTIES"",""FIRST\n""],[""UPDATE"",""JACKSON"",""PROPERTY"",""NAME"",""PROVIDE"",""COMPATIBILITY"",""HINT\n""],[""ENSURE"",""LATEST/CONSITENT"",""SELENIUM"",""VERSIONS"",""ARE"",""USED"",""...\n\n.."",""SELENIUM"",""BOM"",""IMPORT"",""MUST"",""OCCUR"",""BEFORE"",""ARQUILLIAN"",""\n""],[""ADDED"",""SERVER"",""VERSION.TXT"",""GIT"",""DATA\n""],[""FIX:"",""MAKE"",""MULTI"",""VERSION"",""MAVEN"",""RELEASE"",""PLUGIN"",""HAPPY:"",""CANNOT"",""HANDLE"",""PROPERTIES"",""CORRECTLY"",""\n""],[""MAKE"",""M2"",""ECLIPSE"",""HAPPY\n""],[""AVOID"",""MAVEN"",""ENCODING"",""WARNING\n""],[""MERGE"",""REQUEST"",""34"",""AHUS1/DEVELOP\n\nADDED"",""HEALTH"",""CHECK"",""SPRING"",""BOOT"",""STYLE""],[""MERGE"",""REQUEST"",""32"",""AHUS1/AHUS1"",""GUITEST\n\nPROOF"",""CONCEPT"",""GUI"",""TESTING"",""JGIVEN"",""ARQUILLIAN""],[""STARTING"",""RELEASE"",""1.3\n""],[""SMALL"",""CHANGES"",""SWAGGER"",""GENERATOR\n""],[""INTRODUCED"",""MASTER"",""POM"",""MADE"",""SMALL"",""CHANGES"",""\n""],[""SWITCHED"",""JETTY"",""DUE"",""STRANGE"",""STARTUP"",""TIMING"",""PROBLEMS\n""],[""ADD"",""GENERIC"",""ARCHITECTURE"",""DOCUMENTATION\n""],[""UPDATED"",""DEPS"",""RECENT"",""VERSIONS\n""],[""MERGE"",""RELEASE/1.1"",""DEVELOP\n""],[""ADDED"",""DEVELOPERS"",""SITE"",""GENERATE\n""],[""MOVED"",""IMPLEMENTATION"",""MODULE"",""SUB"",""FOLDER\n""],[""MOVED"",""ALMOST"",""ALL"",""VERSIONS"",""PROPERTIES\n""],[""ADDED"",""KEYCLOAK"",""AS"",""AUTH"",""PROVIDER"",""NEW"",""/REST/PREFERENCES"",""\n""],[""ADDED"",""VERSIONEYE\n""],[""USE"",""LATEST"",""JQASSISTANT\n""],[""MERGE"",""FEATURE/BLAZEDS"",""SERVER"",""DEVELOP\n""],[""[MAVEN"",""RELEASE"",""PLUGIN]"",""PREPARE"",""RELEASE/1.1\n""],[""FIX:"",""REPLACE"",""PLACEHOLDER"",""BY"",""CONCRETE"",""VALUE"",""SNAPSHOT"",""DEPENDENCY\n""],[""FIX"",""MAVEN"",""TARGET"",""DIRECTORY"",""NAMES"",""VS"",""PROPERTIES\n""],[""UPDATED"",""DENDENCIES"",""NEWER"",""VERSIONS\n""],[""DAV"",""SITE"",""DEPLOYMENT"",""ALSO"",""NEEDS"",""WAGON"",""EXTENSION\n""],[""SET"",""MAVEN"",""RELEASE"",""PLUGIN"",""VERSION\n""],[""ADDED"",""USER"",""PREFERENCES"",""PERSISTENCE"",""...\n""],[""CLEAN"",""LOCAL"",""MERGE"",""PROBLEM:"",""PURGE"",""OUTDATED"",""SELENIUM"",""DEPS\n""],[""ADDED"",""LICENSE"",""POM\n""],[""BUGFIX:"",""WANTED"",""GENERATE"",""JAX"",""RS"",""2.0\n""],[""DROPPED"",""OUTDATED"",""FLEX"",""SPECIFIC"",""PLUGIN\n""],[""UPGRADE"",""SPRING"",""BOOT"",""1.3.4\n""],[""NEXUS"",""NOW"",""AVAILABLE"",""REGULAR"",""HTTP"",""PORT\n""],[""FIX:"",""RESTORED"",""MISSING"",""OVERLAY"",""WAR\n""],[""ADDED"",""API"",""MAVEN"",""BUILD"",""MOVED"",""SPRINGBOOT"",""IMPL\n""],[""MERGE"",""MASTER"",""HTTPS://GITHUB.COM/JUGDA/DUKECON"",""SERVER\n""],[""SWITCHED"",""SPRING"",""BOOT"",""1.2.5.RELEASE\n""],[""ADDED/FIXED"",""SITE"",""REPORTING\n\n"",""AVOID"",""WARNINGS"",""MISSING"",""DEPENDENCY"",""LOCATIONS\n"",""ADD"",""GITLOG"",""CHANGES\n""],[""UPDATE"",""LATEST"",""SELENIUM"",""DRIVER"",""HOPING"",""MAKE"",""BUILD"",""PROBLEMS"",""DISAPPEAR\n""],[""FIX:"",""SITE"",""URLS"",""ARE"",""DIFFERENT"",""THEY"",""NEED"",""PROTOCOL"",""EXTENSIONS"",""GRRR"",""\n""],[""FIXED"",""JAX"",""RS"",""CODEGEN"",""ISSUE\n\n"",""OLD"",""CONFIG"",""PARAM"",""SEEMS"",""BE"",""DEPRECATED"",""WITHOUT"",""WARNING"",""\n"",""REMOVED"",""COMMENTS\n""],[""MAKE"",""VERSIONEYE"",""HAPPY\n""],[""REMOVE"",""MAVEN"",""REDUNDANCIES\n""],[""MERGE"",""DEVELOP"",""CONFERENCE"",""ADAPTER"",""MULTITENANT\n""],[""ADDED"",""SECURITY"",""SETTING"",""MAKE"",""SUREFIRE"",""FASTER\n""],[""PUBLISH"",""SITE"",""SPECIFIC"",""VERSION\n""],[""SOME"",""DEPENDENCY"",""UPDATES\n""],[""ADDED"",""HTML5"",""OVERLAY"",""CALL"",""REST"",""SERVICE\n""],[""FIX:"",""REPLACE"",""PLACEHOLDER"",""BY"",""CONCRETE"",""VALUE"",""SNAPSHOT"",""DEPENDENCY"",""RELEASER"",""CONFIGURATION"",""SUBMOD"",""ALSO"",""\n""],[""PLAYED"",""AROUND"",""GROOY"",""CODE"",""QUALITY"",""MEASUREMENT\n""],[""ADDED"",""SUREFIRE"",""REPORTS\n""],[""CLEANED"",""UP"",""VERSIONS\n""],[""SWITCHED"",""BACK"",""OLDER"",""VERSION"",""JACKSON"",""JAXRS"",""JSON"",""PROVIDER\n\nCF"",""HTTPS://GITHUB.COM/FASTERXML/JACKSON"",""JAXRS"",""PROVIDERS/ISSUES/74\n""],[""MERGE"",""MASTER"",""APIASMVN\n""],[""USE"",""VERSION"",""1.2.0"",""SNAPSHOT"",""HTML5"",""CLIENT\n""],[""MAVENIZED"",""API\n""],[""FURTHER"",""SITE"",""EXTENSIONS\n""],[""USE"",""LATEST"",""VERSION"",""ARQUILLIAN\n""],["""",""RE"",""INSERTED"",""PROPERTY"",""ARQUILLIAN"",""PHANTOM"",""BINARY\n""],[""PUBLISH"",""SITE"",""GROUP/ARTIFACT"",""SUB"",""DIRECTORY\n""],[""FIXED"",""SWAGGER"",""APISOURCE"",""INDENTATIONS"",""POM\n""],[""FIX:"",""ONE"",""S"",""OUTPUT"",""OTHER"",""S"",""INPUT\n""],[""MERGE"",""REQUEST"",""35"",""AHUS1/PERSISTENT"",""CACHE\n\nADDING"",""HYSTRIX"",""AS"",""CIRCUIT"",""BREAKER"",""WHEN"",""CALLING"",""DOAG""],[""ADDED"",""LOGGING"",""...\n""],[""ADDED"",""SITE"",""REPOSITORY\n""],[""IGNORE"",""DEPENDENCY"",""MANAGEMENT"",""DURING"",""VERSIONEYE"",""UPDATE\n""],[""SORTED"",""DEPENDENCIES\n""],[""SWITCHED"",""LATEST"",""SPRING"",""BOOT\n""],[""ADDED"",""DUKECON"",""NEXUS\n""],[""A"",""FIRST"",""I.E"",""HARD"",""CODED"",""IMPLEMENTATION"",""/META\n""]]"
Falk Sippach,gitattributes,"[[""MERGE"",""DEVELOP"",""FEATURE/POSTGRES\n\nCONFLICTS:\n\tIMPL/SRC/MAIN/RESOURCES/APPLICATION.PROPERTIES\n""]]"
Gerd Aschemann,travis,"[[""MERGE"",""REMOTE"",""TRACKING"",""ORIGIN/MASTER"",""DEVELOP\n""],[""REGEX"",""NEEDS"",""END"",""MARK"",""\n""],[""MAYBE"",""TRAVIS"",""DOES"",""NOT"",""SPEAK"",""NEWEST"",""DIALECT"",""REGULAR"",""EXPRESSIONS"",""\n""],[""AVOID"",""BUILDING"",""GIT"",""TAGS"",""TRAVIS\n""],[""MERGE"",""REQUEST"",""35"",""AHUS1/PERSISTENT"",""CACHE\n\nADDING"",""HYSTRIX"",""AS"",""CIRCUIT"",""BREAKER"",""WHEN"",""CALLING"",""DOAG""],[""MERGE"",""MASTER"",""APIASMVN\n""]]"
Dirk Mahler,html,"[[""MERGE"",""REMOTE"",""TRACKING"",""UPSTREAM/DEVELOP"",""DEVELOP\n\n"",""CONFLICTS:\n"",""\tPOM.XML\n""]]"
Falk Sippach,jpg,"[[""REFACTORING"",""SPEAKER"",""IMAGE"",""SERVICE"",""ADDED"",""HERBSTCAMPUS"",""SPEAKER"",""IMAGES\n""]]"
Alexander Schwartz,properties,"[[""MERGE"",""COMMIT"",""8C34C90A52FAACE5042DAE835142D281D4CACF07"",""DEVELOP\n""],[""INCREASE"",""TIMEOUTS"",""BOTH"",""LOADING"",""GUI"",""TESTING\n""],[""ADDED"",""HEALTH"",""CHECK"",""SPRING"",""BOOT"",""STYLE\n""],[""ADDING"",""HYSTRIX"",""AS"",""CIRCUIT"",""BREAKER"",""WHEN"",""CALLING"",""DOAG"",""STORING"",""LATEST"",""SUCCESSFUL"",""RESPONSE"",""DISK"",""CLEANUP"",""TALKOLD.\n""],[""REMOVE"",""SURPLUS"",""CONTENT"",""PROPERTY"",""FILE\n""],[""ALLOW"",""ADMINS"",""REFRESH"",""CACHE"",""BY"",""USING"",""SPECIAL"",""SECURED"",""URL"",""8\n""],[""SPRING"",""NOW"",""RESPECTS"",""FORWARDED"",""*"",""HEADERS"",""8\n""],[""MAKING"",""PORT"",""8080"",""DEFAULT"",""OTHERWISE"",""REPLACEMENT"",""PROPERTIES"",""WILL"",""NOT"",""WORK"",""\n""]]"
Christofer Dutz,ftl,"[["""",""ADDED"",""ABILITY"",""READ"",""STYLE"",""INFORMATION"",""GIVEN"",""CONFERENCE"",""CONFERENCESERVICE\n"",""EXTENDED"",""CONFERENCE"",""REST"",""CONTROLLER"",""GENERATE"",""STYLES.CSS"",""RESOURCES"",""FLY\n""],["""",""UPDATED"",""STYLES"",""TEMPLATE\n""]]"
Dirk Mahler,ftl,"[[""MERGE"",""REMOTE"",""TRACKING"",""UPSTREAM/DEVELOP"",""DEVELOP\n\n"",""CONFLICTS:\n"",""\tPOM.XML\n""]]"
PitTorf,yml,"[[""SCHREIBFEHLER"",""BEHOBEN\n""],[""DATAVISION"",""2017"",""HINZUGEFÜGT\n""]]"
Falk Sippach,java,"[[""ADDED"",""INIT"",""RESOURCE"",""RETRIEVING"",""CONFERENCE"",""ID"",""CONFERENCE"",""NAME"",""YEAR\n""],[""METADATA"",""EXTRACTION\n""],[""MERGE"",""REQUEST"",""23"",""DUKECON/METADATA\n\nBUGFIX"",""TALKS"",""WITHOUT"",""SPEAKER"",""CONFERENCE"",""METADATA"",""CROSSLINKED"",""NEW"",""TESTDATA"",""COMMUNITY"",""EVENTS""],[""RENAMED"",""TALKTYPE"",""EVENTTYPE\n""],[""TALKS"",""REST"",""SERVICE"",""V2"",""META"",""DATA"",""REFERENCE\nREFACTORING"",""META"",""DATA"",""LOOKUP\n""],[""MERGE"",""DEVELOP"",""HTTPS://GITHUB.COM/DUKECON/DUKECON"",""SERVER"",""DEVELOP\n""],[""MERGE"",""MASTER"",""HTTPS://GITHUB.COM/DUKECON/DUKECON"",""SERVER"",""METADATA\n""],[""MERGE"",""REQUEST"",""15"",""DUKECON/METADATA\n\nMETADATA""],[""ADDED"",""HOMEURL"",""CONFERENCE"",""JSON"",""EXPORT\n""],[""FIXED"",""MISSING"",""TRACK"",""INFORMATION"",""TALK"",""ADDED"",""SPEAKER"",""ID\n""],[""MERGE"",""REQUEST"",""17"",""DUKECON/METADATA\n\nMETADATA""],[""MERGE"",""REQUEST"",""16"",""DUKECON/METADATA\n\nMETADATA""],[""ADDED"",""FIRST"",""LASTNAME"",""CLEANED"",""UP"",""TWITTER"",""HANDLES\n""],[""MERGE"",""DEVELOP"",""FEATURE/POSTGRES\n\nCONFLICTS:\n\tIMPL/SRC/MAIN/RESOURCES/APPLICATION.PROPERTIES\n""],[""REDESIGNED"",""INTERNAL"",""DATA"",""MODEL\nNEW"",""UPDATED"",""REST"",""SERVICES"",""CONFERENCE"",""METADATA"",""TALKS"",""V2"",""\n""],[""META"",""DATA"",""REST"",""SERVICE"",""IMPLEMENTED\n""],[""MERGE"",""REQUEST"",""26"",""DUKECON/METADATA\n\nRENAMED"",""ROOM"",""LOCATION""],[""REMOVED"",""OBSOLETE"",""CODE"",""AFTER"",""REFACTORING"",""METADATA"",""LOOKUP\n""],[""ADDED"",""ICONS"",""METADATA\n""],[""MERGE"",""REQUEST"",""19"",""DUKECON/METADATA\n\nCHANGED"",""I18N"",""MESSAGE"",""KEY"",""LANGUAGE"",""STRING""],[""SPEAKER"",""IMAGES"",""REST"",""RESOURCE\n""],[""MERGE"",""MASTER"",""HTTPS://GITHUB.COM/JUGDA/DUKECON"",""SERVER\n""],[""REFACTORING"",""RAW"",""DATA"",""RESOURCE"",""MANAGEMENT\n""],[""ADDED"",""TALK"",""LIST"",""SPEAKER\n""],[""ADDED"",""FULLYBOOKED"",""NUMBEROFFAVORITES"",""LOCATIONCAPACITY"",""MODEL\n""],[""REFACTORING/RENAMING"",""TALK"",""DATA"",""PROVIDER\n""],[""MISSING"",""RENAMINGS"",""ROOM"",""TALK"",""FIXED\n""],[""FIXED"",""COMPILER"",""BUG\n""],[""CHANGED"",""FULLBOOKEDRESOURCE"",""ADMINRESOURCE"",""ADDED"",""EVENTBOOKINGRESOURCE\n""],[""CHANGED"",""I18N"",""MESSAGE"",""KEY"",""LANGUAGE"",""STRING\n""],[""CALCULATED"",""NUMBEROFFAVOURITES\n""],[""REFACTORING"",""PACKAGE"",""STRUCTURE\n""],[""RENAMED"",""ROOM"",""LOCATION\n""],[""REFERENCED"",""FOREIGN"",""KEYS"",""INSTEAD"",""OBJECTS"",""AGGREGATES"",""\n""],[""MERGE"",""REQUEST"",""21"",""DUKECON/METADATA\n\nADDED"",""TALK"",""LIST"",""SPEAKER""],[""REFACTORING"",""META"",""DATA"",""EXTRACTION\n""],[""RENAMED"",""TALK"",""EVENT\n""],[""BUGFIX"",""TALKS"",""WITHOUT"",""SPEAKER\nCONFERENCE"",""METADATA"",""CROSSLINKED\nNEW"",""TESTDATA"",""COMMUNITY"",""EVENTS\n""],[""BIG"",""REFACTORING"",""MULTITENANT"",""CONFERENCE"",""DATAPROVIDERS\n""],[""REST"",""SERVICE"",""USER"",""FILTERS"",""ADDED\n""],[""INTERMEDIATE"",""STATE"",""READING"",""CONFERENCE"",""RESOURCES"",""WORKING"",""JAVALAND"",""2016"",""2017\n""],[""MERGE"",""REQUEST"",""18"",""DUKECON/METADATA\n\nFIXED"",""MISSING"",""TRACK"",""INFORMATION"",""TALK"",""ADDED"",""SPEAKER"",""ID""],[""MERGE"",""REQUEST"",""20"",""DUKECON/METADATA\n\nADDED"",""SPEAKER"",""REST"",""SERVICE"",""MOVED"",""ALL"",""CURRENT"",""REST"",""SERVICES"",""UNDER"",""CONFERENCE""],[""MERGE"",""REQUEST"",""25"",""DUKECON/METADATA\n\nADDED"",""CONFERENCE"",""ID"",""RESOURCE"",""PATH""],[""RENAMED"",""WILLBECOMEFULL"",""VERYPOPULAR"",""TESTS"",""FIXED\n""],[""REDESIGNED"",""CONFERENCESERVICE"",""ROOT"",""SUB"",""RESOURCE"",""REST/CONFERENCES"",""NOW"",""DELIVERS"",""OBJECT"",""PER"",""CONFERENCE\n""],[""ADDED"",""SPEAKER"",""REST"",""SERVICE"",""MOVED"",""ALL"",""CURRENT"",""REST"",""SERVICES"",""UNDER"",""CONFERENCE\n""],[""CALCULATING"",""PARTITION"",""EVENTS"",""CLOCK"",""SLICES"",""SERVER"",""SIDE"",""EVENT"",""SLICES"",""SLICEDEVENTS"",""AS"",""REST"",""SERVICE\n""],[""ADDED"",""LANGUAGES"",""ROOMS\n""],[""JAVALAND"",""SPEAKER"",""INFORMATION"",""ADDED\n""],[""FIELD"",""SIMULTAN"",""ADDED\n""],[""FIXED"",""TESTS\n""],[""NEW"",""EVENT"",""FIELD"",""WILLBECOMEFULL"",""MAPPING"",""MAPPING"",""CAPACITY"",""TESTS"",""FIXED\n""],[""MOVED"",""TRACKS"",""ROOMS"",""CONFERENCE"",""METADATA"",""KEEP"",""ALL"",""METADATA"",""AT"",""ONE"",""PLACE\n""],[""MERGED\n""],[""ADDED"",""CORS"",""FILTER\n""],[""ADDED"",""ADMIN"",""REST"",""RESOURCE"",""SETTING"",""FULLYBOOKED"",""FLAG\n""],[""MERGE"",""REQUEST"",""27"",""DUKECON/METADATA\n\nFIXED"",""COMPILER"",""BUG""],[""REFACTORING"",""SPEAKER"",""IMAGE"",""SERVICE"",""ADDED"",""HERBSTCAMPUS"",""SPEAKER"",""IMAGES\n""]]"
Falk Sippach,md,"[[""H2"",""DATABASE"",""WEB"",""CONSOLE"",""INTEGRATED\n""],[""FIXED"",""DEPENDENCY"",""WARNINGS\n""],[""REFACTORED"",""DIVIDE"",""BETWEEN"",""PROD"",""TEST"",""ENV"",""POSTGRESQL\n""],[""MERGE"",""DEVELOP"",""FEATURE/POSTGRES\n\nCONFLICTS:\n\tIMPL/SRC/MAIN/RESOURCES/APPLICATION.PROPERTIES\n""],[""FIXED"",""TRAVIS"",""LINK""],[""MERGE"",""REQUEST"",""26"",""DUKECON/METADATA\n\nRENAMED"",""ROOM"",""LOCATION""],[""REST"",""SERVICE"",""USER"",""FILTERS"",""ADDED\n""],[""RENAMED"",""ROOM"",""LOCATION\n""]]"
Niko Köbler,java,"[[""ADD"",""CREATED"",""MODEL"",""BE"",""ABLE"",""GET"",""RID"",""GENERATED"",""STUFF"",""\n""],[""REMOVED"",""DEPENDENCY"",""API"",""PROJECT"",""USING"",""OWN"",""MODEL"",""SERVICE"",""CLASSES\nTHIS"",""C"",""LEAN\n""]]"
Gerd Aschemann,bat,"[[""MERGE"",""REQUEST"",""32"",""AHUS1/AHUS1"",""GUITEST\n\nPROOF"",""CONCEPT"",""GUI"",""TESTING"",""JGIVEN"",""ARQUILLIAN""],[""MERGE"",""REMOTE"",""TRACKING"",""ORIGIN/MASTER"",""DEVELOP\n""]]"
Gerd Aschemann,groovy,"[[""BECOME"",""CONSERVATIVE"",""WHEN"",""LOADING"",""TWITTER"",""HANDLES\n""],[""MERGE"",""DEVELOP"",""CONFERENCE"",""ADAPTER"",""MULTITENANT\n""],[""MERGE"",""REMOTE"",""TRACKING"",""ORIGIN/MASTER"",""DEVELOP\n""],[""DISABLE"",""CACHING"",""MANIFEST"",""FILES"",""COMPLETELY\n""],[""DEFAULT"",""CONFERENCE"",""ID"",""NOW"",""JL2017\n""],[""ADDED"",""TWITTER"",""HANDLES\n""],[""MERGE"",""MASTER"",""HTTPS://GITHUB.COM/JUGDA/DUKECON"",""SERVER\n""],[""FIXED"",""TEST"",""CLEANUP"",""DUE"",""CHANGE"",""IMPLEMENTATION\n""],[""AVOID"",""GROOVY"",""IDE"",""WARNING"",""PUBLIC"",""METHOD\n""],[""NEW"",""RAW"",""DATA"",""URL"",""2016"",""\n""],[""MERGE"",""DEVELOP"",""FEATURE/TWITTER\n""],[""ADDED"",""UNAUTHORIZED"",""ACCESS"",""SERVICE"",""TESTING"",""PURPOSES\n""],[""FIX:"",""USE"",""GERMAN"",""KEYS"",""MISC"",""DOAG"",""JL"",""DATA\n""],[""MOVED"",""SERVLETINITIALIZER\n""],[""SWITCH"",""JAVALAND"",""2017\n""],[""AVOID"",""DUPLICATES"",""TALKS"",""\n""],[""MERGE"",""REQUEST"",""34"",""AHUS1/DEVELOP\n\nADDED"",""HEALTH"",""CHECK"",""SPRING"",""BOOT"",""STYLE""],[""MERGE"",""FEATURE/BLAZEDS"",""SERVER"",""DEVELOP\n""],[""MOVED"",""IMPLEMENTATION"",""MODULE"",""SUB"",""FOLDER\n""],[""MERGE"",""REQUEST"",""35"",""AHUS1/PERSISTENT"",""CACHE\n\nADDING"",""HYSTRIX"",""AS"",""CIRCUIT"",""BREAKER"",""WHEN"",""CALLING"",""DOAG""],[""ADDED"",""KEYCLOAK"",""AS"",""AUTH"",""PROVIDER"",""NEW"",""/REST/PREFERENCES"",""\n""],[""ADDED"",""LOGGING\n""],[""DROP"",""JAVAISTIC"",""\n""],[""A"",""FIRST"",""I.E"",""HARD"",""CODED"",""IMPLEMENTATION"",""/META\n""],[""OMIT"",""SCHED"",""CONFERENCES"",""LOADING"",""\n""],[""ADDED"",""USER"",""PREFERENCES"",""PERSISTENCE"",""...\n""],[""EMPTY"",""PREFERENCES"",""SHOULD"",""RETURN"",""EMPTY"",""LIST"",""\n""],[""DROPPED"",""SCHED/"",""DIRECTORY\n""],[""ALLOW"",""WORK"",""OFFLINE"",""BY"",""READING"",""LOCAL"",""FILE\n""],[""SET"",""CORRECT"",""MIME"",""TYPE"",""CACHE"",""MANIFEST\n""],[""ADDED"",""LITTLE"",""TYPE"",""SAFETY"",""...\n""],[""FIX"",""ROOT"",""CAUSE"",""40\n\nTHE"",""LIST"",""SPEAKERS"",""WAS"",""NOT"",""UNIFIED"",""WHEN"",""CREATED\n""],[""MERGE"",""MASTER"",""HTTPS://GITHUB.COM/DUKECON/DUKECON"",""SERVER\n""],[""IGNORE"",""TESTS"",""UNTIL"",""FINAL"",""SOLUTION"",""47"",""FOUND"",""\n""],[""MAKE"",""ANNA"",""HAPPY:"",""RENAME"",""NOAUTHPREFERENCESSERVICE"",""CORRECT"",""NAME\n""],[""IS"",""THIS"",""MOVING"",""TARGET"",""\n""],[""FIXED"",""TEST:"",""DO"",""NOT"",""COMPARE"",""EXACT"",""NUMBER"",""SPEAKERS"",""\n""],[""ADDED"",""KEYCLOAK"",""REDIRECTURI\n""],[""IMPROVED"",""CACHING"",""RESPECT"",""DUKECON/DUKECON"",""HTML5"",""26\n""],[""BUGFIX"",""BUGFIX:"",""EMPTY"",""LISTS"",""SIZE"",""0"",""COURSE"",""\n""],[""ADD"",""USEACCOUNTMANAGEMENT"",""FLAG\n""],[""IGNORE"",""HEALTHINDICATOR"",""TEST"",""NEEDS"",""BE"",""REFACTORED\n""],[""GROOVIFY"",""STRING"",""BUILDING\n""],[""ADDED"",""HTML5"",""OVERLAY"",""CALL"",""REST"",""SERVICE\n""],[""FIX:"",""AVOID"",""HTTP://JIRA.CODEHAUS.ORG/BROWSE/GRECLIPSE"",""1677"",""\n""],[""FIX:"",""AVOID"",""NULL"",""SECOND"",""SPEAKERS\n""],[""DROP"",""BACKUP/"",""DIRECTORY"",""MAY"",""NOT"",""EXIST"",""\n""],[""SHIFTED"",""PARAMETERS"",""RESOURCE"",""INIT.JSON\n""],[""ADDED"",""KEYCLOAK"",""CONFIGURATION"",""SERVICE\n""],[""ENSURE"",""UTF"",""8"",""DATA"",""ARE"",""READ"",""RIGHT"",""ENCODING\n""],[""SOLVE"",""45"",""40"",""BY"",""USING"",""UNIQUE"",""SPEAKER"",""HANDLES"",""QUICK"",""HACK"",""\n""],[""MERGE"",""REQUEST"",""32"",""AHUS1/AHUS1"",""GUITEST\n\nPROOF"",""CONCEPT"",""GUI"",""TESTING"",""JGIVEN"",""ARQUILLIAN""],[""ALLOW"",""RANDOM"",""SERVER"",""PORT"",""DURING"",""TESTING\n""],[""FIX:"",""REPLACE"",""&QUOT"",""HTML"",""ENTITY"",""PROPER"",""JSON"",""\\"",""\n""],[""ADDED"",""SECOND"",""TEST"",""CASE"",""TYPE"",""SAFETY\n""],[""MERGE"",""AHUS1"",""AHUS1"",""GUITEST"",""DEVELOP\n""]]"
Dirk Mahler,txt,"[[""MERGE"",""REMOTE"",""TRACKING"",""UPSTREAM/DEVELOP"",""DEVELOP\n\n"",""CONFLICTS:\n"",""\tPOM.XML\n""]]"
Falk Sippach,json,"[[""MERGE"",""MASTER"",""HTTPS://GITHUB.COM/DUKECON/DUKECON"",""SERVER"",""METADATA\n""],[""MERGE"",""MASTER"",""HTTPS://GITHUB.COM/JUGDA/DUKECON"",""SERVER\n""],[""REFACTORING/RENAMING"",""TALK"",""DATA"",""PROVIDER\n""],[""IGNORED"",""TEST"",""CASE"",""FIXED\n""],[""MERGE"",""REQUEST"",""15"",""DUKECON/METADATA\n\nMETADATA""],[""TALKS"",""REST"",""SERVICE"",""V2"",""META"",""DATA"",""REFERENCE\nREFACTORING"",""META"",""DATA"",""LOOKUP\n""]]"
Alexander Schwartz,csv,"[[""MERGE"",""FIX"",""GUI"",""TALKCELL"",""DEVELOP\n""]]"
Gerd Aschemann,svg,"[[""MERGE"",""DEVELOP"",""CONFERENCE"",""ADAPTER"",""MULTITENANT\n""],[""ADD"",""GENERIC"",""ARCHITECTURE"",""DOCUMENTATION\n""]]"
Niko Köbler,raml,"[[""REMOVE"",""IMPLEMENTATION"",""DETAILS"",""SCHEMA"",""ADD"",""SCHEMA"",""SECTION"",""RAML"",""BETTER"",""CLASS"",""NAMING"",""WHILE"",""GENERATING"",""SOURCES\n""],[""FIRST"",""DRAFT"",""TALKS"",""API\n""],[""FIRST"",""DRAFT"",""META"",""API\n""],[""REMOVED"",""NOW"",""UNUSED"",""RAML"",""JSON"",""SCHEMA"",""FILES\n""]]"
Dirk Mahler,csv,"[[""MERGE"",""REMOTE"",""TRACKING"",""UPSTREAM/DEVELOP"",""DEVELOP\n\n"",""CONFLICTS:\n"",""\tPOM.XML\n""]]"
Dirk Mahler,gitignore,"[[""MERGE"",""REMOTE"",""TRACKING"",""UPSTREAM/DEVELOP"",""DEVELOP\n\n"",""CONFLICTS:\n"",""\tPOM.XML\n""]]"
Gerd Aschemann,puml,"[[""RENAMED"",""FORMES"",""DOAG"",""\n""],[""ADD"",""GENERIC"",""ARCHITECTURE"",""DOCUMENTATION\n""],[""MERGE"",""DEVELOP"",""CONFERENCE"",""ADAPTER"",""MULTITENANT\n""]]"