Author,ModificationKind
Alexander Schwartz,A
Alexander Schwartz,A
Alexander Schwartz,A
Alexander Schwartz,A
Alexander Schwartz,A
Alexander Schwartz,A
Alexander Schwartz,A
Alexander Schwartz,A
Alexander Schwartz,A
Alexander Schwartz,A
Alexander Schwartz,A
Alexander Schwartz,A
Alexander Schwartz,A
Alexander Schwartz,A
Alexander Schwartz,A
Alexander Schwartz,A
Alexander Schwartz,A
Alexander Schwartz,A
Alexander Schwartz,A
Alexander Schwartz,A
Alexander Schwartz,A
Alexander Schwartz,A
Alexander Schwartz,A
Alexander Schwartz,A
Alexander Schwartz,A
Alexander Schwartz,A
Alexander Schwartz,A
Alexander Schwartz,A
Alexander Schwartz,A
Alexander Schwartz,A
Alexander Schwartz,A
Alexander Schwartz,A
Alexander Schwartz,A
Alexander Schwartz,A
Alexander Schwartz,A
Alexander Schwartz,A
Alexander Schwartz,A
Alexander Schwartz,A
Alexander Schwartz,A
Alexander Schwartz,A
Alexander Schwartz,A
Alexander Schwartz,A
Alexander Schwartz,A
Alexander Schwartz,A
Alexander Schwartz,A
Alexander Schwartz,A
Alexander Schwartz,A
Alexander Schwartz,A
Alexander Schwartz,A
Alexander Schwartz,A
Alexander Schwartz,A
Alexander Schwartz,A
Alexander Schwartz,A
Alexander Schwartz,A
Alexander Schwartz,A
Alexander Schwartz,A
Alexander Schwartz,A
Alexander Schwartz,A
Alexander Schwartz,A
Alexander Schwartz,A
Alexander Schwartz,A
Alexander Schwartz,A
Alexander Schwartz,A
Alexander Schwartz,A
Alexander Schwartz,A
Alexander Schwartz,A
Alexander Schwartz,A
Alexander Schwartz,A
Alexander Schwartz,A
Alexander Schwartz,A
Alexander Schwartz,A
Alexander Schwartz,A
Alexander Schwartz,A
Alexander Schwartz,A
Alexander Schwartz,A
Alexander Schwartz,A
Alexander Schwartz,A
Alexander Schwartz,A
Alexander Schwartz,A
Alexander Schwartz,A
Alexander Schwartz,A
Alexander Schwartz,A
Alexander Schwartz,A
Alexander Schwartz,A
Alexander Schwartz,A
Alexander Schwartz,A
Alexander Schwartz,A
Alexander Schwartz,A
Alexander Schwartz,A
Alexander Schwartz,A
Alexander Schwartz,A
Alexander Schwartz,A
Alexander Schwartz,A
Alexander Schwartz,A
Alexander Schwartz,A
Alexander Schwartz,A
Alexander Schwartz,A
Alexander Schwartz,A
Alexander Schwartz,A
Alexander Schwartz,A
Alexander Schwartz,A
Alexander Schwartz,A
Alexander Schwartz,A
"Aschemann, Gerd",A
Christofer Dutz,A
Christofer Dutz,A
Christofer Dutz,A
Christofer Dutz,A
Christofer Dutz,A
Christofer Dutz,A
Christofer Dutz,A
Christofer Dutz,A
Christofer Dutz,A
Christofer Dutz,A
Christofer Dutz,A
Christofer Dutz,A
Christofer Dutz,A
Christofer Dutz,A
Christofer Dutz,A
Christofer Dutz,A
Christofer Dutz,A
Christofer Dutz,A
Christofer Dutz,A
Christofer Dutz,A
Christofer Dutz,A
Christofer Dutz,A
Christofer Dutz,A
Christofer Dutz,A
Christofer Dutz,A
Christofer Dutz,A
Christofer Dutz,A
Christofer Dutz,A
Christofer Dutz,A
Christofer Dutz,A
Christofer Dutz,A
Christofer Dutz,A
Christofer Dutz,A
Christofer Dutz,A
Christofer Dutz,A
Christofer Dutz,A
Christofer Dutz,A
Christofer Dutz,A
Christofer Dutz,A
Dirk Mahler,A
Dirk Mahler,A
Dirk Mahler,A
Dirk Mahler,A
Dirk Mahler,A
Dirk Mahler,A
Dirk Mahler,A
Dirk Mahler,A
Dirk Mahler,A
Dirk Mahler,A
Dirk Mahler,A
Dirk Mahler,A
Dirk Mahler,A
Dirk Mahler,A
Dirk Mahler,A
Dirk Mahler,A
Dirk Mahler,A
Dirk Mahler,A
Dirk Mahler,A
Dirk Mahler,A
Dirk Mahler,A
Dirk Mahler,A
Dirk Mahler,A
Dirk Mahler,A
Dirk Mahler,A
Dirk Mahler,A
Dirk Mahler,A
Dirk Mahler,A
Dirk Mahler,A
Dirk Mahler,A
Dirk Mahler,A
Dirk Mahler,A
Dirk Mahler,A
Dirk Mahler,A
Dirk Mahler,A
Dirk Mahler,A
Dirk Mahler,A
Dirk Mahler,A
Dirk Mahler,A
Dirk Mahler,A
Dirk Mahler,A
Dirk Mahler,A
Dirk Mahler,A
Dirk Mahler,A
Dirk Mahler,A
Dirk Mahler,A
Dirk Mahler,A
Dirk Mahler,A
Dirk Mahler,A
Dirk Mahler,A
Dirk Mahler,A
Dirk Mahler,A
Dirk Mahler,A
Dirk Mahler,A
Dirk Mahler,A
Dirk Mahler,A
Dirk Mahler,A
Dirk Mahler,A
Dirk Mahler,A
Dirk Mahler,A
Dirk Mahler,A
Dirk Mahler,A
Dirk Mahler,A
Dirk Mahler,A
Dirk Mahler,A
Dirk Mahler,A
Dirk Mahler,A
Dirk Mahler,A
Dirk Mahler,A
Dirk Mahler,A
Dirk Mahler,A
Dirk Mahler,A
Dirk Mahler,A
Dirk Mahler,A
Dirk Mahler,A
Dirk Mahler,A
Dirk Mahler,A
Dirk Mahler,A
Dirk Mahler,A
Dirk Mahler,A
Dirk Mahler,A
Dirk Mahler,A
Dirk Mahler,A
Dirk Mahler,A
Dirk Mahler,A
Dirk Mahler,A
Dirk Mahler,A
Dirk Mahler,A
Dirk Mahler,A
Dirk Mahler,A
Dirk Mahler,A
Dirk Mahler,A
Dirk Mahler,A
Dirk Mahler,A
Dirk Mahler,A
Dirk Mahler,A
Dirk Mahler,A
Dirk Mahler,A
Dirk Mahler,A
Dirk Mahler,A
Dirk Mahler,A
Dirk Mahler,A
Dirk Mahler,A
Dirk Mahler,A
Dirk Mahler,A
Dirk Mahler,A
Dirk Mahler,A
Dirk Mahler,A
Dirk Mahler,A
Dirk Mahler,A
Dirk Mahler,A
Dirk Mahler,A
Dirk Mahler,A
Dirk Mahler,A
Dirk Mahler,A
Dirk Mahler,A
Dirk Mahler,A
Dirk Mahler,A
Dirk Mahler,A
Dirk Mahler,A
Dirk Mahler,A
Dirk Mahler,A
Dirk Mahler,A
Dirk Mahler,A
Dirk Mahler,A
Dirk Mahler,A
Dirk Mahler,A
Dirk Mahler,A
Dirk Mahler,A
Dirk Mahler,A
Dirk Mahler,A
Dirk Mahler,A
Dirk Mahler,A
Dirk Mahler,A
Dirk Mahler,A
Dirk Mahler,A
Dirk Mahler,A
Dirk Mahler,A
Dirk Mahler,A
Dirk Mahler,A
Dirk Mahler,A
Dirk Mahler,A
Dirk Mahler,A
Dirk Mahler,A
Dirk Mahler,A
Dirk Mahler,A
Dirk Mahler,A
Dirk Mahler,A
Dirk Mahler,A
Dirk Mahler,A
Dirk Mahler,A
Dirk Mahler,A
Dirk Mahler,A
Dirk Mahler,A
Dirk Mahler,A
Dirk Mahler,A
Dirk Mahler,A
Dirk Mahler,A
Dirk Mahler,A
Dirk Mahler,A
Dirk Mahler,A
Dirk Mahler,A
Dirk Mahler,A
Dirk Mahler,A
Dirk Mahler,A
Dirk Mahler,A
Dirk Mahler,A
Dirk Mahler,A
Dirk Mahler,A
Dirk Mahler,A
Dirk Mahler,A
Dirk Mahler,A
Dirk Mahler,A
Dirk Mahler,A
Dirk Mahler,A
Dirk Mahler,A
Dirk Mahler,A
Dirk Mahler,A
Dirk Mahler,A
Dirk Mahler,A
Falk Sippach,A
Falk Sippach,A
Falk Sippach,A
Falk Sippach,A
Falk Sippach,A
Falk Sippach,A
Falk Sippach,A
Falk Sippach,A
Falk Sippach,A
Falk Sippach,A
Falk Sippach,A
Falk Sippach,A
Falk Sippach,A
Falk Sippach,A
Falk Sippach,A
Falk Sippach,A
Falk Sippach,A
Falk Sippach,A
Falk Sippach,A
Falk Sippach,A
Falk Sippach,A
Falk Sippach,A
Falk Sippach,A
Falk Sippach,A
Falk Sippach,A
Falk Sippach,A
Falk Sippach,A
Falk Sippach,A
Falk Sippach,A
Falk Sippach,A
Falk Sippach,A
Falk Sippach,A
Falk Sippach,A
Falk Sippach,A
Falk Sippach,A
Falk Sippach,A
Falk Sippach,A
Falk Sippach,A
Falk Sippach,A
Falk Sippach,A
Falk Sippach,A
Falk Sippach,A
Falk Sippach,A
Falk Sippach,A
Falk Sippach,A
Falk Sippach,A
Falk Sippach,A
Falk Sippach,A
Falk Sippach,A
Falk Sippach,A
Falk Sippach,A
Falk Sippach,A
Falk Sippach,A
Falk Sippach,A
Falk Sippach,A
Falk Sippach,A
Falk Sippach,A
Falk Sippach,A
Falk Sippach,A
Falk Sippach,A
Falk Sippach,A
Falk Sippach,A
Falk Sippach,A
Falk Sippach,A
Falk Sippach,A
Falk Sippach,A
Falk Sippach,A
Falk Sippach,A
Falk Sippach,A
Falk Sippach,A
Falk Sippach,A
Falk Sippach,A
Falk Sippach,A
Falk Sippach,A
Falk Sippach,A
Falk Sippach,A
Falk Sippach,A
Falk Sippach,A
Falk Sippach,A
Falk Sippach,A
Falk Sippach,A
Falk Sippach,A
Falk Sippach,A
Falk Sippach,A
Falk Sippach,A
Falk Sippach,A
Falk Sippach,A
Falk Sippach,A
Falk Sippach,A
Falk Sippach,A
Falk Sippach,A
Falk Sippach,A
Falk Sippach,A
Falk Sippach,A
Falk Sippach,A
Falk Sippach,A
Falk Sippach,A
Falk Sippach,A
Falk Sippach,A
Falk Sippach,A
Falk Sippach,A
Falk Sippach,A
Falk Sippach,A
Falk Sippach,A
Falk Sippach,A
Falk Sippach,A
Falk Sippach,A
Falk Sippach,A
Falk Sippach,A
Falk Sippach,A
Falk Sippach,A
Falk Sippach,A
Falk Sippach,A
Falk Sippach,A
Falk Sippach,A
Falk Sippach,A
Falk Sippach,A
Falk Sippach,A
Falk Sippach,A
Falk Sippach,A
Falk Sippach,A
Falk Sippach,A
Falk Sippach,A
Falk Sippach,A
Falk Sippach,A
Falk Sippach,A
Falk Sippach,A
Falk Sippach,A
Falk Sippach,A
Falk Sippach,A
Falk Sippach,A
Falk Sippach,A
Falk Sippach,A
Falk Sippach,A
Falk Sippach,A
Falk Sippach,A
Falk Sippach,A
Falk Sippach,A
Falk Sippach,A
Falk Sippach,A
Falk Sippach,A
Falk Sippach,A
Falk Sippach,A
Falk Sippach,A
Falk Sippach,A
Falk Sippach,A
Falk Sippach,A
Falk Sippach,A
Falk Sippach,A
Falk Sippach,A
Falk Sippach,A
Falk Sippach,A
Falk Sippach,A
Falk Sippach,A
Falk Sippach,A
Falk Sippach,A
Falk Sippach,A
Falk Sippach,A
Falk Sippach,A
Falk Sippach,A
Falk Sippach,A
Falk Sippach,A
Falk Sippach,A
Falk Sippach,A
Falk Sippach,A
Falk Sippach,A
Falk Sippach,A
Falk Sippach,A
Falk Sippach,A
Falk Sippach,A
Falk Sippach,A
Falk Sippach,A
Falk Sippach,A
Falk Sippach,A
Falk Sippach,A
Falk Sippach,A
Falk Sippach,A
Falk Sippach,A
Falk Sippach,A
Falk Sippach,A
Falk Sippach,A
Falk Sippach,A
Falk Sippach,A
Falk Sippach,A
Falk Sippach,A
Falk Sippach,A
Falk Sippach,A
Falk Sippach,A
Falk Sippach,A
Falk Sippach,A
Falk Sippach,A
Falk Sippach,A
Falk Sippach,A
Falk Sippach,A
Falk Sippach,A
Falk Sippach,A
Falk Sippach,A
Falk Sippach,A
Falk Sippach,A
Falk Sippach,A
Falk Sippach,A
Falk Sippach,A
Falk Sippach,A
Falk Sippach,A
Falk Sippach,A
Falk Sippach,A
Falk Sippach,A
Falk Sippach,A
Falk Sippach,A
Falk Sippach,A
Falk Sippach,A
Falk Sippach,A
Falk Sippach,A
Falk Sippach,A
Falk Sippach,A
Falk Sippach,A
Falk Sippach,A
Falk Sippach,A
Falk Sippach,A
Falk Sippach,A
Falk Sippach,A
Falk Sippach,A
Falk Sippach,A
Falk Sippach,A
Falk Sippach,A
Falk Sippach,A
Falk Sippach,A
Falk Sippach,A
Falk Sippach,A
Falk Sippach,A
Falk Sippach,A
Falk Sippach,A
Falk Sippach,A
Falk Sippach,A
Falk Sippach,A
Falk Sippach,A
Falk Sippach,A
Falk Sippach,A
Falk Sippach,A
Falk Sippach,A
Falk Sippach,A
Falk Sippach,A
Falk Sippach,A
Falk Sippach,A
Falk Sippach,A
Falk Sippach,A
Falk Sippach,A
Falk Sippach,A
Falk Sippach,A
Falk Sippach,A
Falk Sippach,A
Falk Sippach,A
Falk Sippach,A
Falk Sippach,A
Falk Sippach,A
Falk Sippach,A
Falk Sippach,A
Falk Sippach,A
Falk Sippach,A
Falk Sippach,A
Falk Sippach,A
Falk Sippach,A
Falk Sippach,A
Falk Sippach,A
Falk Sippach,A
Falk Sippach,A
Falk Sippach,A
Falk Sippach,A
Falk Sippach,A
Falk Sippach,A
Falk Sippach,A
Falk Sippach,A
Falk Sippach,A
Falk Sippach,A
Falk Sippach,A
Falk Sippach,A
Falk Sippach,A
Falk Sippach,A
Falk Sippach,A
Falk Sippach,A
Falk Sippach,A
Falk Sippach,A
Falk Sippach,A
Falk Sippach,A
Falk Sippach,A
Falk Sippach,A
Falk Sippach,A
Falk Sippach,A
Falk Sippach,A
Falk Sippach,A
Falk Sippach,A
Falk Sippach,A
Falk Sippach,A
Falk Sippach,A
Falk Sippach,A
Falk Sippach,A
Falk Sippach,A
Falk Sippach,A
Gerd Aschemann,A
Gerd Aschemann,A
Gerd Aschemann,A
Gerd Aschemann,A
Gerd Aschemann,A
Gerd Aschemann,A
Gerd Aschemann,A
Gerd Aschemann,A
Gerd Aschemann,A
Gerd Aschemann,A
Gerd Aschemann,A
Gerd Aschemann,A
Gerd Aschemann,A
Gerd Aschemann,A
Gerd Aschemann,A
Gerd Aschemann,A
Gerd Aschemann,A
Gerd Aschemann,A
Gerd Aschemann,A
Gerd Aschemann,A
Gerd Aschemann,A
Gerd Aschemann,A
Gerd Aschemann,A
Gerd Aschemann,A
Gerd Aschemann,A
Gerd Aschemann,A
Gerd Aschemann,A
Gerd Aschemann,A
Gerd Aschemann,A
Gerd Aschemann,A
Gerd Aschemann,A
Gerd Aschemann,A
Gerd Aschemann,A
Gerd Aschemann,A
Gerd Aschemann,A
Gerd Aschemann,A
Gerd Aschemann,A
Gerd Aschemann,A
Gerd Aschemann,A
Gerd Aschemann,A
Gerd Aschemann,A
Gerd Aschemann,A
Gerd Aschemann,A
Gerd Aschemann,A
Gerd Aschemann,A
Gerd Aschemann,A
Gerd Aschemann,A
Gerd Aschemann,A
Gerd Aschemann,A
Gerd Aschemann,A
Gerd Aschemann,A
Gerd Aschemann,A
Gerd Aschemann,A
Gerd Aschemann,A
Gerd Aschemann,A
Gerd Aschemann,A
Gerd Aschemann,A
Gerd Aschemann,A
Gerd Aschemann,A
Gerd Aschemann,A
Gerd Aschemann,A
Gerd Aschemann,A
Gerd Aschemann,A
Gerd Aschemann,A
Gerd Aschemann,A
Gerd Aschemann,A
Gerd Aschemann,A
Gerd Aschemann,A
Gerd Aschemann,A
Gerd Aschemann,A
Gerd Aschemann,A
Gerd Aschemann,A
Gerd Aschemann,A
Gerd Aschemann,A
Gerd Aschemann,A
Gerd Aschemann,A
Gerd Aschemann,A
Gerd Aschemann,A
Gerd Aschemann,A
Gerd Aschemann,A
Gerd Aschemann,A
Gerd Aschemann,A
Gerd Aschemann,A
Gerd Aschemann,A
Gerd Aschemann,A
Gerd Aschemann,A
Gerd Aschemann,A
Gerd Aschemann,A
Gerd Aschemann,A
Gerd Aschemann,A
Gerd Aschemann,A
Gerd Aschemann,A
Gerd Aschemann,A
Gerd Aschemann,A
Gerd Aschemann,A
Gerd Aschemann,A
Gerd Aschemann,A
Gerd Aschemann,A
Gerd Aschemann,A
Gerd Aschemann,A
Gerd Aschemann,A
Gerd Aschemann,A
Gerd Aschemann,A
Gerd Aschemann,A
Gerd Aschemann,A
Gerd Aschemann,A
Gerd Aschemann,A
Gerd Aschemann,A
Gerd Aschemann,A
Gerd Aschemann,A
Gerd Aschemann,A
Gerd Aschemann,A
Gerd Aschemann,A
Gerd Aschemann,A
Gerd Aschemann,A
Gerd Aschemann,A
Gerd Aschemann,A
Gerd Aschemann,A
Gerd Aschemann,A
Gerd Aschemann,A
Gerd Aschemann,A
Gerd Aschemann,A
Gerd Aschemann,A
Gerd Aschemann,A
Gerd Aschemann,A
Gerd Aschemann,A
Gerd Aschemann,A
Gerd Aschemann,A
Gerd Aschemann,A
Gerd Aschemann,A
Gerd Aschemann,A
Gerd Aschemann,A
Gerd Aschemann,A
Gerd Aschemann,A
Gerd Aschemann,A
Gerd Aschemann,A
Gerd Aschemann,A
Gerd Aschemann,A
Gerd Aschemann,A
Gerd Aschemann,A
Gerd Aschemann,A
Gerd Aschemann,A
Gerd Aschemann,A
Gerd Aschemann,A
Gerd Aschemann,A
Gerd Aschemann,A
Gerd Aschemann,A
Gerd Aschemann,A
Gerd Aschemann,A
Gerd Aschemann,A
Gerd Aschemann,A
Gerd Aschemann,A
Gerd Aschemann,A
Gerd Aschemann,A
Gerd Aschemann,A
Gerd Aschemann,A
Gerd Aschemann,A
Gerd Aschemann,A
Gerd Aschemann,A
Gerd Aschemann,A
Gerd Aschemann,A
Gerd Aschemann,A
Gerd Aschemann,A
Gerd Aschemann,A
Gerd Aschemann,A
Gerd Aschemann,A
Gerd Aschemann,A
Gerd Aschemann,A
Gerd Aschemann,A
Gerd Aschemann,A
Gerd Aschemann,A
Gerd Aschemann,A
Gerd Aschemann,A
Gerd Aschemann,A
Gerd Aschemann,A
Gerd Aschemann,A
Gerd Aschemann,A
Gerd Aschemann,A
Gerd Aschemann,A
Gerd Aschemann,A
Gerd Aschemann,A
Gerd Aschemann,A
Gerd Aschemann,A
Gerd Aschemann,A
Gerd Aschemann,A
Gerd Aschemann,A
Gerd Aschemann,A
Gerd Aschemann,A
Gerd Aschemann,A
Gerd Aschemann,A
Gerd Aschemann,A
Gerd Aschemann,A
Gerd Aschemann,A
Gerd Aschemann,A
Gerd Aschemann,A
Gerd Aschemann,A
Gerd Aschemann,A
Gerd Aschemann,A
Gerd Aschemann,A
Gerd Aschemann,A
Gerd Aschemann,A
Gerd Aschemann,A
Gerd Aschemann,A
Gerd Aschemann,A
Gerd Aschemann,A
Gerd Aschemann,A
Gerd Aschemann,A
Gerd Aschemann,A
Gerd Aschemann,A
Gerd Aschemann,A
Gerd Aschemann,A
Gerd Aschemann,A
Niko Köbler,A
Niko Köbler,A
Niko Köbler,A
Niko Köbler,A
Niko Köbler,A
Niko Köbler,A
Niko Köbler,A
Niko Köbler,A
Niko Köbler,A
Niko Köbler,A
Niko Köbler,A
Niko Köbler,A
Niko Köbler,A
Niko Köbler,A
Niko Köbler,A
Niko Köbler,A
Niko Köbler,A
annam002,A
annam002,A
annam002,A
annam002,A
annam002,A
steffchep,A
stephaniep,A
Christofer Dutz,C
Christofer Dutz,C
Christofer Dutz,C
Christofer Dutz,C
Christofer Dutz,C
Christofer Dutz,C
Christofer Dutz,C
Christofer Dutz,C
Christofer Dutz,C
Christofer Dutz,C
Christofer Dutz,C
Christofer Dutz,C
Christofer Dutz,C
Dirk Mahler,C
Falk Sippach,C
Alexander Schwartz,D
Alexander Schwartz,D
Alexander Schwartz,D
Alexander Schwartz,D
Alexander Schwartz,D
Alexander Schwartz,D
Alexander Schwartz,D
Alexander Schwartz,D
Alexander Schwartz,D
Alexander Schwartz,D
Alexander Schwartz,D
Christofer Dutz,D
Christofer Dutz,D
Dirk Mahler,D
Falk Sippach,D
Falk Sippach,D
Falk Sippach,D
Falk Sippach,D
Falk Sippach,D
Falk Sippach,D
Falk Sippach,D
Falk Sippach,D
Falk Sippach,D
Falk Sippach,D
Falk Sippach,D
Falk Sippach,D
Falk Sippach,D
Falk Sippach,D
Falk Sippach,D
Falk Sippach,D
Falk Sippach,D
Falk Sippach,D
Falk Sippach,D
Falk Sippach,D
Falk Sippach,D
Falk Sippach,D
Falk Sippach,D
Falk Sippach,D
Falk Sippach,D
Falk Sippach,D
Falk Sippach,D
Falk Sippach,D
Falk Sippach,D
Falk Sippach,D
Falk Sippach,D
Falk Sippach,D
Falk Sippach,D
Falk Sippach,D
Falk Sippach,D
Falk Sippach,D
Falk Sippach,D
Falk Sippach,D
Falk Sippach,D
Falk Sippach,D
Falk Sippach,D
Falk Sippach,D
Falk Sippach,D
Falk Sippach,D
Falk Sippach,D
Falk Sippach,D
Falk Sippach,D
Falk Sippach,D
Falk Sippach,D
Falk Sippach,D
Falk Sippach,D
Falk Sippach,D
Falk Sippach,D
Falk Sippach,D
Gerd Aschemann,D
Gerd Aschemann,D
Gerd Aschemann,D
Gerd Aschemann,D
Gerd Aschemann,D
Gerd Aschemann,D
Gerd Aschemann,D
Gerd Aschemann,D
Gerd Aschemann,D
Gerd Aschemann,D
Gerd Aschemann,D
Gerd Aschemann,D
Gerd Aschemann,D
Gerd Aschemann,D
Gerd Aschemann,D
Gerd Aschemann,D
Gerd Aschemann,D
Gerd Aschemann,D
Gerd Aschemann,D
Gerd Aschemann,D
Gerd Aschemann,D
Gerd Aschemann,D
Gerd Aschemann,D
Gerd Aschemann,D
Gerd Aschemann,D
Gerd Aschemann,D
Gerd Aschemann,D
Gerd Aschemann,D
Gerd Aschemann,D
Niko Köbler,D
Niko Köbler,D
Niko Köbler,D
Niko Köbler,D
Niko Köbler,D
Niko Köbler,D
Niko Köbler,D
Alexander Schwartz,M
Alexander Schwartz,M
Alexander Schwartz,M
Alexander Schwartz,M
Alexander Schwartz,M
Alexander Schwartz,M
Alexander Schwartz,M
Alexander Schwartz,M
Alexander Schwartz,M
Alexander Schwartz,M
Alexander Schwartz,M
Alexander Schwartz,M
Alexander Schwartz,M
Alexander Schwartz,M
Alexander Schwartz,M
Alexander Schwartz,M
Alexander Schwartz,M
Alexander Schwartz,M
Alexander Schwartz,M
Alexander Schwartz,M
Alexander Schwartz,M
Alexander Schwartz,M
Alexander Schwartz,M
Alexander Schwartz,M
Alexander Schwartz,M
Alexander Schwartz,M
Alexander Schwartz,M
Alexander Schwartz,M
Alexander Schwartz,M
Alexander Schwartz,M
Alexander Schwartz,M
Alexander Schwartz,M
Alexander Schwartz,M
Alexander Schwartz,M
Alexander Schwartz,M
Alexander Schwartz,M
Alexander Schwartz,M
Alexander Schwartz,M
Alexander Schwartz,M
Alexander Schwartz,M
Alexander Schwartz,M
Alexander Schwartz,M
Alexander Schwartz,M
Alexander Schwartz,M
Alexander Schwartz,M
Alexander Schwartz,M
Alexander Schwartz,M
Alexander Schwartz,M
Alexander Schwartz,M
Alexander Schwartz,M
Alexander Schwartz,M
Alexander Schwartz,M
Alexander Schwartz,M
Alexander Schwartz,M
Alexander Schwartz,M
Alexander Schwartz,M
Alexander Schwartz,M
Alexander Schwartz,M
Alexander Schwartz,M
Alexander Schwartz,M
Alexander Schwartz,M
Alexander Schwartz,M
Alexander Schwartz,M
Alexander Schwartz,M
Alexander Schwartz,M
Alexander Schwartz,M
Alexander Schwartz,M
Alexander Schwartz,M
Alexander Schwartz,M
Alexander Schwartz,M
Alexander Schwartz,M
Alexander Schwartz,M
Alexander Schwartz,M
Alexander Schwartz,M
Alexander Schwartz,M
Alexander Schwartz,M
Alexander Schwartz,M
Alexander Schwartz,M
Alexander Schwartz,M
Alexander Schwartz,M
Alexander Schwartz,M
Alexander Schwartz,M
Alexander Schwartz,M
Alexander Schwartz,M
Alexander Schwartz,M
Alexander Schwartz,M
Alexander Schwartz,M
Alexander Schwartz,M
Alexander Schwartz,M
Alexander Schwartz,M
Alexander Schwartz,M
Alexander Schwartz,M
Alexander Schwartz,M
Alexander Schwartz,M
Alexander Schwartz,M
Alexander Schwartz,M
Alexander Schwartz,M
Alexander Schwartz,M
Alexander Schwartz,M
Alexander Schwartz,M
Alexander Schwartz,M
Alexander Schwartz,M
"Aschemann, Gerd",M
"Aschemann, Gerd",M
"Aschemann, Gerd",M
Christofer Dutz,M
Christofer Dutz,M
Christofer Dutz,M
Christofer Dutz,M
Christofer Dutz,M
Christofer Dutz,M
Christofer Dutz,M
Christofer Dutz,M
Christofer Dutz,M
Christofer Dutz,M
Christofer Dutz,M
Christofer Dutz,M
Christofer Dutz,M
Christofer Dutz,M
Christofer Dutz,M
Christofer Dutz,M
Christofer Dutz,M
Christofer Dutz,M
Christofer Dutz,M
Christofer Dutz,M
Christofer Dutz,M
Christofer Dutz,M
Christofer Dutz,M
Christofer Dutz,M
Christofer Dutz,M
Christofer Dutz,M
Christofer Dutz,M
Christofer Dutz,M
Christofer Dutz,M
Christofer Dutz,M
Christofer Dutz,M
Christofer Dutz,M
Christofer Dutz,M
Christofer Dutz,M
Christofer Dutz,M
Christofer Dutz,M
Christofer Dutz,M
Christofer Dutz,M
Christofer Dutz,M
Christofer Dutz,M
Christofer Dutz,M
Christofer Dutz,M
Christofer Dutz,M
Christofer Dutz,M
Christofer Dutz,M
Christofer Dutz,M
Christofer Dutz,M
Christofer Dutz,M
Christofer Dutz,M
Christofer Dutz,M
Christofer Dutz,M
Christofer Dutz,M
Christofer Dutz,M
Christofer Dutz,M
Christofer Dutz,M
Christofer Dutz,M
Christofer Dutz,M
Christofer Dutz,M
Christofer Dutz,M
Christofer Dutz,M
Christofer Dutz,M
Christofer Dutz,M
Christofer Dutz,M
Christofer Dutz,M
Christofer Dutz,M
Christofer Dutz,M
Christofer Dutz,M
Christofer Dutz,M
Christofer Dutz,M
Christofer Dutz,M
Christofer Dutz,M
Christofer Dutz,M
Christofer Dutz,M
Christofer Dutz,M
Christofer Dutz,M
Christofer Dutz,M
Christofer Dutz,M
Christofer Dutz,M
Christofer Dutz,M
Christofer Dutz,M
Christofer Dutz,M
Christofer Dutz,M
Christofer Dutz,M
Christofer Dutz,M
Christofer Dutz,M
Christofer Dutz,M
Christofer Dutz,M
Christofer Dutz,M
Christofer Dutz,M
Christofer Dutz,M
Christofer Dutz,M
Christofer Dutz,M
Christofer Dutz,M
Christofer Dutz,M
Christofer Dutz,M
Christofer Dutz,M
Christofer Dutz,M
Christofer Dutz,M
Christofer Dutz,M
Christofer Dutz,M
Christofer Dutz,M
Christofer Dutz,M
Christofer Dutz,M
Christofer Dutz,M
Christofer Dutz,M
Christofer Dutz,M
Christofer Dutz,M
Christofer Dutz,M
Christofer Dutz,M
Christofer Dutz,M
Christofer Dutz,M
Christofer Dutz,M
Christofer Dutz,M
Christofer Dutz,M
Dirk Mahler,M
Dirk Mahler,M
Dirk Mahler,M
Dirk Mahler,M
Dirk Mahler,M
Dirk Mahler,M
Dirk Mahler,M
Dirk Mahler,M
Dirk Mahler,M
Dirk Mahler,M
Dirk Mahler,M
Dirk Mahler,M
Dirk Mahler,M
Dirk Mahler,M
Dirk Mahler,M
Dirk Mahler,M
Dirk Mahler,M
Dirk Mahler,M
Dirk Mahler,M
Dirk Mahler,M
Dirk Mahler,M
Dirk Mahler,M
Dirk Mahler,M
Dirk Mahler,M
Dirk Mahler,M
Dirk Mahler,M
Dirk Mahler,M
Dirk Mahler,M
Dirk Mahler,M
Dirk Mahler,M
Dirk Mahler,M
Dirk Mahler,M
Dirk Mahler,M
Dirk Mahler,M
Dirk Mahler,M
Dirk Mahler,M
Dirk Mahler,M
Dirk Mahler,M
Dirk Mahler,M
DukeCon Jenkins,M
Falk Sippach,M
Falk Sippach,M
Falk Sippach,M
Falk Sippach,M
Falk Sippach,M
Falk Sippach,M
Falk Sippach,M
Falk Sippach,M
Falk Sippach,M
Falk Sippach,M
Falk Sippach,M
Falk Sippach,M
Falk Sippach,M
Falk Sippach,M
Falk Sippach,M
Falk Sippach,M
Falk Sippach,M
Falk Sippach,M
Falk Sippach,M
Falk Sippach,M
Falk Sippach,M
Falk Sippach,M
Falk Sippach,M
Falk Sippach,M
Falk Sippach,M
Falk Sippach,M
Falk Sippach,M
Falk Sippach,M
Falk Sippach,M
Falk Sippach,M
Falk Sippach,M
Falk Sippach,M
Falk Sippach,M
Falk Sippach,M
Falk Sippach,M
Falk Sippach,M
Falk Sippach,M
Falk Sippach,M
Falk Sippach,M
Falk Sippach,M
Falk Sippach,M
Falk Sippach,M
Falk Sippach,M
Falk Sippach,M
Falk Sippach,M
Falk Sippach,M
Falk Sippach,M
Falk Sippach,M
Falk Sippach,M
Falk Sippach,M
Falk Sippach,M
Falk Sippach,M
Falk Sippach,M
Falk Sippach,M
Falk Sippach,M
Falk Sippach,M
Falk Sippach,M
Falk Sippach,M
Falk Sippach,M
Falk Sippach,M
Falk Sippach,M
Falk Sippach,M
Falk Sippach,M
Falk Sippach,M
Falk Sippach,M
Falk Sippach,M
Falk Sippach,M
Falk Sippach,M
Falk Sippach,M
Falk Sippach,M
Falk Sippach,M
Falk Sippach,M
Falk Sippach,M
Falk Sippach,M
Falk Sippach,M
Falk Sippach,M
Falk Sippach,M
Falk Sippach,M
Falk Sippach,M
Falk Sippach,M
Falk Sippach,M
Falk Sippach,M
Falk Sippach,M
Falk Sippach,M
Falk Sippach,M
Falk Sippach,M
Falk Sippach,M
Falk Sippach,M
Falk Sippach,M
Falk Sippach,M
Falk Sippach,M
Falk Sippach,M
Falk Sippach,M
Falk Sippach,M
Falk Sippach,M
Falk Sippach,M
Falk Sippach,M
Falk Sippach,M
Falk Sippach,M
Falk Sippach,M
Falk Sippach,M
Falk Sippach,M
Falk Sippach,M
Falk Sippach,M
Falk Sippach,M
Falk Sippach,M
Falk Sippach,M
Falk Sippach,M
Falk Sippach,M
Falk Sippach,M
Falk Sippach,M
Falk Sippach,M
Falk Sippach,M
Falk Sippach,M
Falk Sippach,M
Falk Sippach,M
Falk Sippach,M
Falk Sippach,M
Falk Sippach,M
Falk Sippach,M
Falk Sippach,M
Falk Sippach,M
Falk Sippach,M
Falk Sippach,M
Falk Sippach,M
Falk Sippach,M
Falk Sippach,M
Falk Sippach,M
Falk Sippach,M
Falk Sippach,M
Falk Sippach,M
Falk Sippach,M
Falk Sippach,M
Falk Sippach,M
Falk Sippach,M
Falk Sippach,M
Falk Sippach,M
Falk Sippach,M
Falk Sippach,M
Falk Sippach,M
Falk Sippach,M
Falk Sippach,M
Falk Sippach,M
Falk Sippach,M
Falk Sippach,M
Falk Sippach,M
Falk Sippach,M
Falk Sippach,M
Falk Sippach,M
Falk Sippach,M
Falk Sippach,M
Falk Sippach,M
Falk Sippach,M
Falk Sippach,M
Falk Sippach,M
Falk Sippach,M
Falk Sippach,M
Falk Sippach,M
Falk Sippach,M
Falk Sippach,M
Falk Sippach,M
Falk Sippach,M
Falk Sippach,M
Falk Sippach,M
Falk Sippach,M
Falk Sippach,M
Falk Sippach,M
Falk Sippach,M
Falk Sippach,M
Falk Sippach,M
Falk Sippach,M
Falk Sippach,M
Falk Sippach,M
Falk Sippach,M
Falk Sippach,M
Falk Sippach,M
Falk Sippach,M
Falk Sippach,M
Falk Sippach,M
Falk Sippach,M
Falk Sippach,M
Falk Sippach,M
Falk Sippach,M
Falk Sippach,M
Falk Sippach,M
Falk Sippach,M
Falk Sippach,M
Falk Sippach,M
Falk Sippach,M
Falk Sippach,M
Falk Sippach,M
Falk Sippach,M
Falk Sippach,M
Falk Sippach,M
Falk Sippach,M
Falk Sippach,M
Falk Sippach,M
Falk Sippach,M
Falk Sippach,M
Falk Sippach,M
Falk Sippach,M
Falk Sippach,M
Falk Sippach,M
Falk Sippach,M
Falk Sippach,M
Falk Sippach,M
Falk Sippach,M
Falk Sippach,M
Falk Sippach,M
Falk Sippach,M
Falk Sippach,M
Falk Sippach,M
Falk Sippach,M
Falk Sippach,M
Falk Sippach,M
Falk Sippach,M
Falk Sippach,M
Falk Sippach,M
Falk Sippach,M
Falk Sippach,M
Falk Sippach,M
Falk Sippach,M
Falk Sippach,M
Falk Sippach,M
Falk Sippach,M
Falk Sippach,M
Falk Sippach,M
Falk Sippach,M
Falk Sippach,M
Falk Sippach,M
Falk Sippach,M
Falk Sippach,M
Falk Sippach,M
Falk Sippach,M
Falk Sippach,M
Falk Sippach,M
Falk Sippach,M
Falk Sippach,M
Falk Sippach,M
Falk Sippach,M
Falk Sippach,M
Falk Sippach,M
Falk Sippach,M
Falk Sippach,M
Falk Sippach,M
Falk Sippach,M
Falk Sippach,M
Falk Sippach,M
Falk Sippach,M
Falk Sippach,M
Falk Sippach,M
Falk Sippach,M
Falk Sippach,M
Falk Sippach,M
Falk Sippach,M
Falk Sippach,M
Falk Sippach,M
Falk Sippach,M
Falk Sippach,M
Falk Sippach,M
Falk Sippach,M
Falk Sippach,M
Falk Sippach,M
Falk Sippach,M
Falk Sippach,M
Falk Sippach,M
Falk Sippach,M
Falk Sippach,M
Falk Sippach,M
Falk Sippach,M
Falk Sippach,M
Falk Sippach,M
Falk Sippach,M
Falk Sippach,M
Falk Sippach,M
Falk Sippach,M
Falk Sippach,M
Falk Sippach,M
Falk Sippach,M
Falk Sippach,M
Falk Sippach,M
Falk Sippach,M
Falk Sippach,M
Falk Sippach,M
Falk Sippach,M
Falk Sippach,M
Falk Sippach,M
Falk Sippach,M
Falk Sippach,M
Falk Sippach,M
Falk Sippach,M
Falk Sippach,M
Falk Sippach,M
Falk Sippach,M
Falk Sippach,M
Falk Sippach,M
Falk Sippach,M
Falk Sippach,M
Falk Sippach,M
Falk Sippach,M
Falk Sippach,M
Falk Sippach,M
Falk Sippach,M
Falk Sippach,M
Falk Sippach,M
Falk Sippach,M
Falk Sippach,M
Falk Sippach,M
Falk Sippach,M
Falk Sippach,M
Falk Sippach,M
Falk Sippach,M
Falk Sippach,M
Falk Sippach,M
Falk Sippach,M
Falk Sippach,M
Falk Sippach,M
Falk Sippach,M
Falk Sippach,M
Falk Sippach,M
Falk Sippach,M
Falk Sippach,M
Falk Sippach,M
Falk Sippach,M
Falk Sippach,M
Falk Sippach,M
Falk Sippach,M
Falk Sippach,M
Falk Sippach,M
Falk Sippach,M
Falk Sippach,M
Falk Sippach,M
Falk Sippach,M
Falk Sippach,M
Falk Sippach,M
Falk Sippach,M
Falk Sippach,M
Falk Sippach,M
Falk Sippach,M
Falk Sippach,M
Falk Sippach,M
Falk Sippach,M
Falk Sippach,M
Falk Sippach,M
Falk Sippach,M
Falk Sippach,M
Falk Sippach,M
Falk Sippach,M
Falk Sippach,M
Falk Sippach,M
Falk Sippach,M
Falk Sippach,M
Falk Sippach,M
Falk Sippach,M
Falk Sippach,M
Falk Sippach,M
Falk Sippach,M
Falk Sippach,M
Falk Sippach,M
Falk Sippach,M
Falk Sippach,M
Falk Sippach,M
Falk Sippach,M
Falk Sippach,M
Falk Sippach,M
Falk Sippach,M
Falk Sippach,M
Falk Sippach,M
Falk Sippach,M
Falk Sippach,M
Falk Sippach,M
Falk Sippach,M
Falk Sippach,M
Falk Sippach,M
Falk Sippach,M
Falk Sippach,M
Falk Sippach,M
Falk Sippach,M
Falk Sippach,M
Falk Sippach,M
Falk Sippach,M
Falk Sippach,M
Falk Sippach,M
Falk Sippach,M
Falk Sippach,M
Falk Sippach,M
Falk Sippach,M
Falk Sippach,M
Falk Sippach,M
Falk Sippach,M
Falk Sippach,M
Falk Sippach,M
Falk Sippach,M
Falk Sippach,M
Falk Sippach,M
Falk Sippach,M
Falk Sippach,M
Falk Sippach,M
Falk Sippach,M
Falk Sippach,M
Falk Sippach,M
Falk Sippach,M
Falk Sippach,M
Falk Sippach,M
Falk Sippach,M
Falk Sippach,M
Falk Sippach,M
Falk Sippach,M
Falk Sippach,M
Falk Sippach,M
Falk Sippach,M
Falk Sippach,M
Falk Sippach,M
Falk Sippach,M
Falk Sippach,M
Falk Sippach,M
Falk Sippach,M
Falk Sippach,M
Falk Sippach,M
Falk Sippach,M
Falk Sippach,M
Falk Sippach,M
Falk Sippach,M
Falk Sippach,M
Falk Sippach,M
Falk Sippach,M
Falk Sippach,M
Falk Sippach,M
Falk Sippach,M
Falk Sippach,M
Falk Sippach,M
Falk Sippach,M
Falk Sippach,M
Falk Sippach,M
Falk Sippach,M
Falk Sippach,M
Falk Sippach,M
Falk Sippach,M
Falk Sippach,M
Falk Sippach,M
Falk Sippach,M
Falk Sippach,M
Falk Sippach,M
Falk Sippach,M
Falk Sippach,M
Falk Sippach,M
Falk Sippach,M
Falk Sippach,M
Falk Sippach,M
Falk Sippach,M
Falk Sippach,M
Falk Sippach,M
Falk Sippach,M
Falk Sippach,M
Falk Sippach,M
Falk Sippach,M
Falk Sippach,M
Falk Sippach,M
Falk Sippach,M
Falk Sippach,M
Falk Sippach,M
Falk Sippach,M
Falk Sippach,M
Falk Sippach,M
Falk Sippach,M
Falk Sippach,M
Falk Sippach,M
Falk Sippach,M
Falk Sippach,M
Falk Sippach,M
Falk Sippach,M
Falk Sippach,M
Falk Sippach,M
Falk Sippach,M
Falk Sippach,M
Falk Sippach,M
Falk Sippach,M
Falk Sippach,M
Falk Sippach,M
Falk Sippach,M
Falk Sippach,M
Falk Sippach,M
Falk Sippach,M
Falk Sippach,M
Falk Sippach,M
Falk Sippach,M
Falk Sippach,M
Falk Sippach,M
Falk Sippach,M
Falk Sippach,M
Falk Sippach,M
Falk Sippach,M
Falk Sippach,M
Falk Sippach,M
Falk Sippach,M
Falk Sippach,M
Falk Sippach,M
Falk Sippach,M
Falk Sippach,M
Falk Sippach,M
Falk Sippach,M
Falk Sippach,M
Falk Sippach,M
Falk Sippach,M
Falk Sippach,M
Falk Sippach,M
Falk Sippach,M
Falk Sippach,M
Falk Sippach,M
Falk Sippach,M
Falk Sippach,M
Falk Sippach,M
Falk Sippach,M
Falk Sippach,M
Falk Sippach,M
Falk Sippach,M
Falk Sippach,M
Falk Sippach,M
Falk Sippach,M
Falk Sippach,M
Falk Sippach,M
Falk Sippach,M
Falk Sippach,M
Falk Sippach,M
Falk Sippach,M
Falk Sippach,M
Falk Sippach,M
Falk Sippach,M
Falk Sippach,M
Falk Sippach,M
Falk Sippach,M
Falk Sippach,M
Falk Sippach,M
Falk Sippach,M
Falk Sippach,M
Falk Sippach,M
Falk Sippach,M
Falk Sippach,M
Falk Sippach,M
Falk Sippach,M
Falk Sippach,M
Falk Sippach,M
Falk Sippach,M
Falk Sippach,M
Falk Sippach,M
Falk Sippach,M
Falk Sippach,M
Falk Sippach,M
Falk Sippach,M
Falk Sippach,M
Falk Sippach,M
Falk Sippach,M
Falk Sippach,M
Falk Sippach,M
Falk Sippach,M
Falk Sippach,M
Falk Sippach,M
Falk Sippach,M
Falk Sippach,M
Falk Sippach,M
Falk Sippach,M
Falk Sippach,M
Falk Sippach,M
Falk Sippach,M
Falk Sippach,M
Falk Sippach,M
Falk Sippach,M
Falk Sippach,M
Falk Sippach,M
Falk Sippach,M
Falk Sippach,M
Falk Sippach,M
Falk Sippach,M
Falk Sippach,M
Falk Sippach,M
Falk Sippach,M
Falk Sippach,M
Falk Sippach,M
Falk Sippach,M
Falk Sippach,M
Falk Sippach,M
Falk Sippach,M
Falk Sippach,M
Falk Sippach,M
Falk Sippach,M
Falk Sippach,M
Falk Sippach,M
Falk Sippach,M
Falk Sippach,M
Falk Sippach,M
Falk Sippach,M
Falk Sippach,M
Falk Sippach,M
Falk Sippach,M
Falk Sippach,M
Falk Sippach,M
Falk Sippach,M
Falk Sippach,M
Falk Sippach,M
Falk Sippach,M
Falk Sippach,M
Falk Sippach,M
Falk Sippach,M
Falk Sippach,M
Falk Sippach,M
Falk Sippach,M
Falk Sippach,M
Falk Sippach,M
Falk Sippach,M
Falk Sippach,M
Falk Sippach,M
Falk Sippach,M
Falk Sippach,M
Falk Sippach,M
Falk Sippach,M
Falk Sippach,M
Falk Sippach,M
Falk Sippach,M
Falk Sippach,M
Falk Sippach,M
Falk Sippach,M
Falk Sippach,M
Falk Sippach,M
Falk Sippach,M
Falk Sippach,M
Falk Sippach,M
Falk Sippach,M
Falk Sippach,M
Falk Sippach,M
Falk Sippach,M
Falk Sippach,M
Falk Sippach,M
Falk Sippach,M
Falk Sippach,M
Falk Sippach,M
Falk Sippach,M
Falk Sippach,M
Falk Sippach,M
Falk Sippach,M
Falk Sippach,M
Falk Sippach,M
Falk Sippach,M
Falk Sippach,M
Falk Sippach,M
Falk Sippach,M
Falk Sippach,M
Falk Sippach,M
Falk Sippach,M
Falk Sippach,M
Falk Sippach,M
Falk Sippach,M
Falk Sippach,M
Falk Sippach,M
Falk Sippach,M
Falk Sippach,M
Falk Sippach,M
Falk Sippach,M
Falk Sippach,M
Falk Sippach,M
Falk Sippach,M
Falk Sippach,M
Falk Sippach,M
Falk Sippach,M
Falk Sippach,M
Falk Sippach,M
Falk Sippach,M
Falk Sippach,M
Falk Sippach,M
Falk Sippach,M
Falk Sippach,M
Falk Sippach,M
Falk Sippach,M
Falk Sippach,M
Falk Sippach,M
Falk Sippach,M
Falk Sippach,M
Falk Sippach,M
Falk Sippach,M
Falk Sippach,M
Falk Sippach,M
Falk Sippach,M
Falk Sippach,M
Falk Sippach,M
Falk Sippach,M
Falk Sippach,M
Falk Sippach,M
Falk Sippach,M
Falk Sippach,M
Falk Sippach,M
Falk Sippach,M
Falk Sippach,M
Gerd Aschemann,M
Gerd Aschemann,M
Gerd Aschemann,M
Gerd Aschemann,M
Gerd Aschemann,M
Gerd Aschemann,M
Gerd Aschemann,M
Gerd Aschemann,M
Gerd Aschemann,M
Gerd Aschemann,M
Gerd Aschemann,M
Gerd Aschemann,M
Gerd Aschemann,M
Gerd Aschemann,M
Gerd Aschemann,M
Gerd Aschemann,M
Gerd Aschemann,M
Gerd Aschemann,M
Gerd Aschemann,M
Gerd Aschemann,M
Gerd Aschemann,M
Gerd Aschemann,M
Gerd Aschemann,M
Gerd Aschemann,M
Gerd Aschemann,M
Gerd Aschemann,M
Gerd Aschemann,M
Gerd Aschemann,M
Gerd Aschemann,M
Gerd Aschemann,M
Gerd Aschemann,M
Gerd Aschemann,M
Gerd Aschemann,M
Gerd Aschemann,M
Gerd Aschemann,M
Gerd Aschemann,M
Gerd Aschemann,M
Gerd Aschemann,M
Gerd Aschemann,M
Gerd Aschemann,M
Gerd Aschemann,M
Gerd Aschemann,M
Gerd Aschemann,M
Gerd Aschemann,M
Gerd Aschemann,M
Gerd Aschemann,M
Gerd Aschemann,M
Gerd Aschemann,M
Gerd Aschemann,M
Gerd Aschemann,M
Gerd Aschemann,M
Gerd Aschemann,M
Gerd Aschemann,M
Gerd Aschemann,M
Gerd Aschemann,M
Gerd Aschemann,M
Gerd Aschemann,M
Gerd Aschemann,M
Gerd Aschemann,M
Gerd Aschemann,M
Gerd Aschemann,M
Gerd Aschemann,M
Gerd Aschemann,M
Gerd Aschemann,M
Gerd Aschemann,M
Gerd Aschemann,M
Gerd Aschemann,M
Gerd Aschemann,M
Gerd Aschemann,M
Gerd Aschemann,M
Gerd Aschemann,M
Gerd Aschemann,M
Gerd Aschemann,M
Gerd Aschemann,M
Gerd Aschemann,M
Gerd Aschemann,M
Gerd Aschemann,M
Gerd Aschemann,M
Gerd Aschemann,M
Gerd Aschemann,M
Gerd Aschemann,M
Gerd Aschemann,M
Gerd Aschemann,M
Gerd Aschemann,M
Gerd Aschemann,M
Gerd Aschemann,M
Gerd Aschemann,M
Gerd Aschemann,M
Gerd Aschemann,M
Gerd Aschemann,M
Gerd Aschemann,M
Gerd Aschemann,M
Gerd Aschemann,M
Gerd Aschemann,M
Gerd Aschemann,M
Gerd Aschemann,M
Gerd Aschemann,M
Gerd Aschemann,M
Gerd Aschemann,M
Gerd Aschemann,M
Gerd Aschemann,M
Gerd Aschemann,M
Gerd Aschemann,M
Gerd Aschemann,M
Gerd Aschemann,M
Gerd Aschemann,M
Gerd Aschemann,M
Gerd Aschemann,M
Gerd Aschemann,M
Gerd Aschemann,M
Gerd Aschemann,M
Gerd Aschemann,M
Gerd Aschemann,M
Gerd Aschemann,M
Gerd Aschemann,M
Gerd Aschemann,M
Gerd Aschemann,M
Gerd Aschemann,M
Gerd Aschemann,M
Gerd Aschemann,M
Gerd Aschemann,M
Gerd Aschemann,M
Gerd Aschemann,M
Gerd Aschemann,M
Gerd Aschemann,M
Gerd Aschemann,M
Gerd Aschemann,M
Gerd Aschemann,M
Gerd Aschemann,M
Gerd Aschemann,M
Gerd Aschemann,M
Gerd Aschemann,M
Gerd Aschemann,M
Gerd Aschemann,M
Gerd Aschemann,M
Gerd Aschemann,M
Gerd Aschemann,M
Gerd Aschemann,M
Gerd Aschemann,M
Gerd Aschemann,M
Gerd Aschemann,M
Gerd Aschemann,M
Gerd Aschemann,M
Gerd Aschemann,M
Gerd Aschemann,M
Gerd Aschemann,M
Gerd Aschemann,M
Gerd Aschemann,M
Gerd Aschemann,M
Gerd Aschemann,M
Gerd Aschemann,M
Gerd Aschemann,M
Gerd Aschemann,M
Gerd Aschemann,M
Gerd Aschemann,M
Gerd Aschemann,M
Gerd Aschemann,M
Gerd Aschemann,M
Gerd Aschemann,M
Gerd Aschemann,M
Gerd Aschemann,M
Gerd Aschemann,M
Gerd Aschemann,M
Gerd Aschemann,M
Gerd Aschemann,M
Gerd Aschemann,M
Gerd Aschemann,M
Gerd Aschemann,M
Gerd Aschemann,M
Gerd Aschemann,M
Gerd Aschemann,M
Gerd Aschemann,M
Gerd Aschemann,M
Gerd Aschemann,M
Gerd Aschemann,M
Gerd Aschemann,M
Gerd Aschemann,M
Gerd Aschemann,M
Gerd Aschemann,M
Gerd Aschemann,M
Gerd Aschemann,M
Gerd Aschemann,M
Gerd Aschemann,M
Gerd Aschemann,M
Gerd Aschemann,M
Gerd Aschemann,M
Gerd Aschemann,M
Gerd Aschemann,M
Gerd Aschemann,M
Gerd Aschemann,M
Gerd Aschemann,M
Gerd Aschemann,M
Gerd Aschemann,M
Gerd Aschemann,M
Gerd Aschemann,M
Gerd Aschemann,M
Gerd Aschemann,M
Gerd Aschemann,M
Gerd Aschemann,M
Gerd Aschemann,M
Gerd Aschemann,M
Gerd Aschemann,M
Gerd Aschemann,M
Gerd Aschemann,M
Gerd Aschemann,M
Gerd Aschemann,M
Gerd Aschemann,M
Gerd Aschemann,M
Gerd Aschemann,M
Gerd Aschemann,M
Gerd Aschemann,M
Gerd Aschemann,M
Gerd Aschemann,M
Gerd Aschemann,M
Gerd Aschemann,M
Gerd Aschemann,M
Gerd Aschemann,M
Gerd Aschemann,M
Gerd Aschemann,M
Gerd Aschemann,M
Gerd Aschemann,M
Gerd Aschemann,M
Gerd Aschemann,M
Gerd Aschemann,M
Gerd Aschemann,M
Gerd Aschemann,M
Gerd Aschemann,M
Gerd Aschemann,M
Gerd Aschemann,M
Gerd Aschemann,M
Gerd Aschemann,M
Gerd Aschemann,M
Gerd Aschemann,M
Gerd Aschemann,M
Gerd Aschemann,M
Gerd Aschemann,M
Gerd Aschemann,M
Gerd Aschemann,M
Gerd Aschemann,M
Gerd Aschemann,M
Gerd Aschemann,M
Gerd Aschemann,M
Gerd Aschemann,M
Gerd Aschemann,M
Gerd Aschemann,M
Gerd Aschemann,M
Gerd Aschemann,M
Gerd Aschemann,M
Gerd Aschemann,M
Gerd Aschemann,M
Gerd Aschemann,M
Gerd Aschemann,M
Gerd Aschemann,M
Gerd Aschemann,M
Gerd Aschemann,M
Gerd Aschemann,M
Gerd Aschemann,M
Gerd Aschemann,M
Gerd Aschemann,M
Gerd Aschemann,M
Gerd Aschemann,M
Gerd Aschemann,M
Gerd Aschemann,M
Gerd Aschemann,M
Gerd Aschemann,M
Gerd Aschemann,M
Gerd Aschemann,M
Gerd Aschemann,M
Gerd Aschemann,M
Gerd Aschemann,M
Gerd Aschemann,M
Gerd Aschemann,M
Gerd Aschemann,M
Gerd Aschemann,M
Gerd Aschemann,M
Gerd Aschemann,M
Gerd Aschemann,M
Gerd Aschemann,M
Gerd Aschemann,M
Gerd Aschemann,M
Gerd Aschemann,M
Gerd Aschemann,M
Gerd Aschemann,M
Gerd Aschemann,M
Gerd Aschemann,M
Gerd Aschemann,M
Gerd Aschemann,M
Gerd Aschemann,M
Gerd Aschemann,M
Gerd Aschemann,M
Gerd Aschemann,M
Gerd Aschemann,M
Gerd Aschemann,M
Gerd Aschemann,M
Gerd Aschemann,M
Gerd Aschemann,M
Gerd Aschemann,M
Gerd Aschemann,M
Gerd Aschemann,M
Gerd Aschemann,M
Gerd Aschemann,M
Gerd Aschemann,M
Gerd Aschemann,M
Gerd Aschemann,M
Gerd Aschemann,M
Gerd Aschemann,M
Gerd Aschemann,M
Gerd Aschemann,M
Gerd Aschemann,M
Gerd Aschemann,M
Gerd Aschemann,M
Gerd Aschemann,M
Michal Harakal,M
Michal Harakal,M
Michal Harakal,M
Niko Köbler,M
Niko Köbler,M
Niko Köbler,M
Niko Köbler,M
Niko Köbler,M
Niko Köbler,M
Niko Köbler,M
Niko Köbler,M
Niko Köbler,M
Niko Köbler,M
Niko Köbler,M
Niko Köbler,M
Niko Köbler,M
Niko Köbler,M
Niko Köbler,M
Niko Köbler,M
Niko Köbler,M
Niko Köbler,M
Niko Köbler,M
Niko Köbler,M
Niko Köbler,M
Niko Köbler,M
Niko Köbler,M
Niko Köbler,M
Niko Köbler,M
Niko Köbler,M
Niko Köbler,M
Niko Köbler,M
Niko Köbler,M
Niko Köbler,M
Niko Köbler,M
Niko Köbler,M
Niko Köbler,M
Niko Köbler,M
Niko Köbler,M
Niko Köbler,M
Niko Köbler,M
Niko Köbler,M
Niko Köbler,M
Niko Köbler,M
Niko Köbler,M
PitTorf,M
PitTorf,M
Stephanie Peters,M
Stephanie Peters,M
annam002,M
annam002,M
annam002,M
annam002,M
annam002,M
annam002,M
annam002,M
annam002,M
annam002,M
annam002,M
annam002,M
steffchep,M
Alexander Schwartz,R
Alexander Schwartz,R
Alexander Schwartz,R
Alexander Schwartz,R
Alexander Schwartz,R
Alexander Schwartz,R
Alexander Schwartz,R
Alexander Schwartz,R
Alexander Schwartz,R
Alexander Schwartz,R
Alexander Schwartz,R
Alexander Schwartz,R
Alexander Schwartz,R
Alexander Schwartz,R
Alexander Schwartz,R
Alexander Schwartz,R
Alexander Schwartz,R
Alexander Schwartz,R
Christofer Dutz,R
Christofer Dutz,R
Christofer Dutz,R
Christofer Dutz,R
Christofer Dutz,R
Christofer Dutz,R
Christofer Dutz,R
Christofer Dutz,R
Christofer Dutz,R
Christofer Dutz,R
Christofer Dutz,R
Christofer Dutz,R
Christofer Dutz,R
Christofer Dutz,R
Christofer Dutz,R
Christofer Dutz,R
Christofer Dutz,R
Christofer Dutz,R
Christofer Dutz,R
Christofer Dutz,R
Christofer Dutz,R
Christofer Dutz,R
Christofer Dutz,R
Christofer Dutz,R
Christofer Dutz,R
Christofer Dutz,R
Christofer Dutz,R
Christofer Dutz,R
Christofer Dutz,R
Dirk Mahler,R
Dirk Mahler,R
Dirk Mahler,R
Dirk Mahler,R
Dirk Mahler,R
Dirk Mahler,R
Dirk Mahler,R
Dirk Mahler,R
Dirk Mahler,R
Dirk Mahler,R
Dirk Mahler,R
Falk Sippach,R
Falk Sippach,R
Falk Sippach,R
Falk Sippach,R
Falk Sippach,R
Falk Sippach,R
Falk Sippach,R
Falk Sippach,R
Falk Sippach,R
Falk Sippach,R
Falk Sippach,R
Falk Sippach,R
Falk Sippach,R
Falk Sippach,R
Falk Sippach,R
Falk Sippach,R
Falk Sippach,R
Falk Sippach,R
Falk Sippach,R
Falk Sippach,R
Falk Sippach,R
Falk Sippach,R
Falk Sippach,R
Falk Sippach,R
Falk Sippach,R
Falk Sippach,R
Falk Sippach,R
Falk Sippach,R
Falk Sippach,R
Falk Sippach,R
Falk Sippach,R
Falk Sippach,R
Falk Sippach,R
Falk Sippach,R
Falk Sippach,R
Falk Sippach,R
Falk Sippach,R
Falk Sippach,R
Falk Sippach,R
Falk Sippach,R
Falk Sippach,R
Falk Sippach,R
Falk Sippach,R
Falk Sippach,R
Falk Sippach,R
Falk Sippach,R
Falk Sippach,R
Falk Sippach,R
Falk Sippach,R
Falk Sippach,R
Falk Sippach,R
Falk Sippach,R
Falk Sippach,R
Falk Sippach,R
Falk Sippach,R
Falk Sippach,R
Falk Sippach,R
Falk Sippach,R
Falk Sippach,R
Falk Sippach,R
Falk Sippach,R
Falk Sippach,R
Falk Sippach,R
Falk Sippach,R
Falk Sippach,R
Falk Sippach,R
Falk Sippach,R
Falk Sippach,R
Falk Sippach,R
Falk Sippach,R
Falk Sippach,R
Falk Sippach,R
Gerd Aschemann,R
Gerd Aschemann,R
Gerd Aschemann,R
Gerd Aschemann,R
Gerd Aschemann,R
Gerd Aschemann,R
Gerd Aschemann,R
Gerd Aschemann,R
Gerd Aschemann,R
Gerd Aschemann,R
Gerd Aschemann,R
Gerd Aschemann,R
Gerd Aschemann,R
Gerd Aschemann,R
Gerd Aschemann,R
Gerd Aschemann,R
Gerd Aschemann,R
Gerd Aschemann,R
Gerd Aschemann,R
Gerd Aschemann,R
Gerd Aschemann,R
Gerd Aschemann,R
Gerd Aschemann,R
Gerd Aschemann,R
Gerd Aschemann,R
Gerd Aschemann,R
Gerd Aschemann,R
Gerd Aschemann,R
Gerd Aschemann,R
Gerd Aschemann,R
Gerd Aschemann,R
Gerd Aschemann,R
Gerd Aschemann,R
Gerd Aschemann,R
Gerd Aschemann,R
Gerd Aschemann,R
Gerd Aschemann,R
Gerd Aschemann,R
Gerd Aschemann,R
Gerd Aschemann,R
Gerd Aschemann,R
Gerd Aschemann,R
Gerd Aschemann,R
Gerd Aschemann,R
Gerd Aschemann,R
Gerd Aschemann,R
Gerd Aschemann,R
Niko Köbler,R
Niko Köbler,R
Niko Köbler,R
Niko Köbler,R
annam002,R
annam002,R
annam002,R
annam002,R
annam002,R
annam002,R
annam002,R
annam002,R
annam002,R
annam002,R
annam002,R
annam002,R
annam002,R
annam002,R